Workbook

Sheet Model Data
B3: Air Density (kg/m3) | C3: 1.225
B8: Blade Diameter (m) | C8: 7
B9: Area Swet (m2) | C9: =ROUNDUP(PI()*(C8/2)*(C8/2),2) -> 38.49
B10: Rated Voltage (V) | C10: 240
B11: Rated Speed (rad/s) | C11: =(C12*12)/(C8/2) -> 24
B12: Tip-Speed-Ratio | C12: 7
B13: No of Poles | C13: 30
B14: Rated WindSpeed (m/s) | C14: 12

Sheet Power Computed
A1: Wind Speed (m/s) | B1: Cp | C1: Power (Pe) | D1: Rotor Speed (rad/s) | E1: Voltage (V) | F1: Current (A) | G1: Frequency (Hz) | I1: SC Current (A) | J1: OpenCircuit Voltage (Voc)
A2: 2.5 | B2: 0.11 | C2: 39 | D2: =('Model Data'!$C$12*'Power Computed'!A2)/('Model Data'!$C$8/2) -> 5 | E2: =D2*('Model Data'!$C$10/'Model Data'!$C$11) -> 50 | F2: =ROUNDUP((C2/E2),2) -> 0.78 | G2: =ROUNDUP((D2*'Model Data'!$C$13*60)/(120*2*PI()),2) -> 11.94 | I2: =SQRT(C2/$H$29) -> 3.0508812 | J2: =E2+(F2*$H$29) -> 53.2682
A3: 3 | B3: 0.16 | C3: 102 | D3: =('Model Data'!$C$12*'Power Computed'!A3)/('Model Data'!$C$8/2) -> 6 | E3: =D3*('Model Data'!$C$10/'Model Data'!$C$11) -> 60 | F3: =ROUNDUP((C3/E3),2) -> 1.7 | G3: =ROUNDUP((D3*'Model Data'!$C$13*60)/(120*2*PI()),2) -> 14.33 | I3: =SQRT(C3/$H$29) -> 4.933931 | J3: =E3+(F3*$H$29) -> 67.123
A4: 3.5 | B4: 0.23 | C4: 229 | D4: =('Model Data'!$C$12*'Power Computed'!A4)/('Model Data'!$C$8/2) -> 7 | E4: =D4*('Model Data'!$C$10/'Model Data'!$C$11) -> 70 | F4: =ROUNDUP((C4/E4),2) -> 3.28 | G4: =ROUNDUP((D4*'Model Data'!$C$13*60)/(120*2*PI()),2) -> 16.72 | I4: =SQRT(C4/$H$29) -> 7.3928302 | J4: =E4+(F4*$H$29) -> 83.7432
A5: 4 | B5: 0.26 | C5: 399 | D5: =('Model Data'!$C$12*'Power Computed'!A5)/('Model Data'!$C$8/2) -> 8 | E5: =D5*('Model Data'!$C$10/'Model Data'!$C$11) -> 80 | F5: =ROUNDUP((C5/E5),2) -> 4.99 | G5: =ROUNDUP((D5*'Model Data'!$C$13*60)/(120*2*PI()),2) -> 19.1 | I5: =SQRT(C5/$H$29) -> 9.7584184 | J5: =E5+(F5*$H$29) -> 100.9081
A6: 4.5 | B6: 0.28 | C6: 596 | D6: =('Model Data'!$C$12*'Power Computed'!A6)/('Model Data'!$C$8/2) -> 9 | E6: =D6*('Model Data'!$C$10/'Model Data'!$C$11) -> 90 | F6: =ROUNDUP((C6/E6),2) -> 6.63 | G6: =ROUNDUP((D6*'Model Data'!$C$13*60)/(120*2*PI()),2) -> 21.49 | I6: =SQRT(C6/$H$29) -> 11.926585 | J6: =E6+(F6*$H$29) -> 117.7797
A7: 5 | B7: 0.29 | C7: 848 | D7: =('Model Data'!$C$12*'Power Computed'!A7)/('Model Data'!$C$8/2) -> 10 | E7: =D7*('Model Data'!$C$10/'Model Data'!$C$11) -> 100 | F7: =ROUNDUP((C7/E7),2) -> 8.48 | G7: =ROUNDUP((D7*'Model Data'!$C$13*60)/(120*2*PI()),2) -> 23.88 | I7: =SQRT(C7/$H$29) -> 14.226266 | J7: =E7+(F7*$H$29) -> 135.5312
A8: 5.5 | B8: 0.29 | C8: 1151 | D8: =('Model Data'!$C$12*'Power Computed'!A8)/('Model Data'!$C$8/2) -> 11 | E8: =D8*('Model Data'!$C$10/'Model Data'!$C$11) -> 110 | F8: =ROUNDUP((C8/E8),2) -> 10.47 | G8: =ROUNDUP((D8*'Model Data'!$C$13*60)/(120*2*PI()),2) -> 26.27 | I8: =SQRT(C8/$H$29) -> 16.574127 | J8: =E8+(F8*$H$29) -> 153.8693
A9: 6 | B9: 0.3 | C9: 1510 | D9: =('Model Data'!$C$12*'Power Computed'!A9)/('Model Data'!$C$8/2) -> 12 | E9: =D9*('Model Data'!$C$10/'Model Data'!$C$11) -> 120 | F9: =ROUNDUP((C9/E9),2) -> 12.59 | G9: =ROUNDUP((D9*'Model Data'!$C$13*60)/(120*2*PI()),2) -> 28.65 | I9: =SQRT(C9/$H$29) -> 18.983726 | J9: =E9+(F9*$H$29) -> 172.7521
A10: 6.5 | B10: 0.3 | C10: 1938 | D10: =('Model Data'!$C$12*'Power Computed'!A10)/('Model Data'!$C$8/2) -> 13 | E10: =D10*('Model Data'!$C$10/'Model Data'!$C$11) -> 130 | F10: =ROUNDUP((C10/E10),2) -> 14.91 | G10: =ROUNDUP((D10*'Model Data'!$C$13*60)/(120*2*PI()),2) -> 31.04 | I10: =SQRT(C10/$H$29) -> 21.506507 | J10: =E10+(F10*$H$29) -> 192.4729
A11: 7 | B11: 0.3 | C11: 2403 | D11: =('Model Data'!$C$12*'Power Computed'!A11)/('Model Data'!$C$8/2) -> 14 | E11: =D11*('Model Data'!$C$10/'Model Data'!$C$11) -> 140 | F11: =ROUNDUP((C11/E11),2) -> 17.17 | G11: =ROUNDUP((D11*'Model Data'!$C$13*60)/(120*2*PI()),2) -> 33.43 | I11: =SQRT(C11/$H$29) -> 23.948034 | J11: =E11+(F11*$H$29) -> 211.9423
A12: 7.5 | B12: 0.3 | C12: 2949 | D12: =('Model Data'!$C$12*'Power Computed'!A12)/('Model Data'!$C$8/2) -> 15 | E12: =D12*('Model Data'!$C$10/'Model Data'!$C$11) -> 150 | F12: =ROUNDUP((C12/E12),2) -> 19.66 | G12: =ROUNDUP((D12*'Model Data'!$C$13*60)/(120*2*PI()),2) -> 35.81 | I12: =SQRT(C12/$H$29) -> 26.52958 | J12: =E12+(F12*$H$29) -> 232.3754
A13: 8 | B13: 0.3 | C13: 3602 | D13: =('Model Data'!$C$12*'Power Computed'!A13)/('Model Data'!$C$8/2) -> 16 | E13: =D13*('Model Data'!$C$10/'Model Data'!$C$11) -> 160 | F13: =ROUNDUP((C13/E13),2) -> 22.52 | G13: =ROUNDUP((D13*'Model Data'!$C$13*60)/(120*2*PI()),2) -> 38.2 | I13: =SQRT(C13/$H$29) -> 29.320059 | J13: =E13+(F13*$H$29) -> 254.3588
... A27: 15 | B27: 0.16 | C27: 12495 | D27: =('Model Data'!$C$12*'Power Computed'!A27)/('Model Data'!$C$8/2) -> 30 | E27: =D27*('Model Data'!$C$10/'Model Data'!$C$11) -> 300 | F27: =ROUNDUP((C27/E27),2) -> 41.65 | G27: =ROUNDUP((D27*'Model Data'!$C$13*60)/(120*2*PI()),2) -> 71.62 | I27: =SQRT(C27/$H$29) -> 54.60861 | J27: =E27+(F27*$H$29) -> 474.5135
E29: Source Impedance of Turbine | H29: 4.19

Sheet IV Computed
A1: Wind Speed (m/s) | C1: Wind Speed (m/s) | E1: Wind Speed (m/s) | G1: Wind Speed (m/s) | I1: Wind Speed (m/s) | K1: Wind Speed (m/s) | M1: Wind Speed (m/s) | O1: Wind Speed (m/s) | Q1: Wind Speed (m/s) | S1: Wind Speed (m/s) | U1: Wind Speed (m/s) | W1: Wind Speed (m/s) | Y1: Wind Speed (m/s) | AA1: Wind Speed (m/s) | AC1: Wind Speed (m/s) | AE1: Wind Speed (m/s) | AG1: Wind Speed (m/s) | AI1: Wind Speed (m/s) | AK1: Wind Speed (m/s) | AM1: Wind Speed (m/s) | AO1: Wind Speed (m/s) | AQ1: Wind Speed (m/s) | AS1: Wind Speed (m/s) | AU1: Wind Speed (m/s) | AW1: Wind Speed (m/s) | AY1: Wind Speed (m/s)
A2: 2.5 | C2: 3 | E2: 3.5 | G2: 4 | I2: 4.5 | K2: 5 | M2: 5.5 | O2: 6 | Q2: 6.5 | S2: 7 | U2: 7.5 | W2: 8 | Y2: 8.5 | AA2: 9 | AC2: 9.5 | AE2: 10 | AG2: 10.5 | AI2: 11 | AK2: 11.5 | AM2: 12 | AO2: 12.5 | AQ2: 13 | AS2: 13.5 | AU2: 14 | AW2: 14.5 | AY2: 15
A3: Current (A) | B3: Voltage (V) | C3: Current (A) | D3: Voltage (V) | E3: Current (A) | F3: Voltage (V) | G3: Current (A) | H3: Voltage (V) | I3: Current (A) | J3: Voltage (V) | K3: Current (A) | L3: Voltage (V) | M3: Current (A) | N3: Voltage (V) | O3: Current (A) | P3: Voltage (V) | Q3: Current (A) | R3: Voltage (V) | S3: Current (A) | T3: Voltage (V) | U3: Current (A) | V3: Voltage (V) | W3: Current (A) | X3: Voltage (V) | Y3: Current (A) | Z3: Voltage (V) | AA3: Current (A) | AB3: Voltage (V) | AC3: Current (A) | AD3: Voltage (V) | AE3: Current (A) | AF3: Voltage (V) | AG3: Current (A) | AH3: Voltage (V) | AI3: Current (A) | AJ3: Voltage (V) | AK3: Current (A) | AL3: Voltage (V) | AM3: Current (A) | AN3: Voltage (V) | AO3: Current (A) | AP3: Voltage (V) | AQ3: Current (A) | AR3: Voltage (V) | AS3: Current (A) | AT3: Voltage (V) | AU3: Current (A) | AV3: Voltage (V) | AW3: Current (A) | AX3: Voltage (V) | AY3: Current (A) | AZ3: Voltage (V)
A4: 0 | B4: 53.27 | C4: 0 | D4: 67.12 | E4: 0 | F4: 83.74 | G4: 0 | H4: 100.91 | I4: 0 | J4: 117.78 | K4: 0 | L4: 135.53 | M4: 0 | N4: 153.87 | O4: 0 | P4: 172.75 | Q4: 0 | R4: 192.47 | S4: 0 | T4: 211.94 | U4: 0 | V4: 232.38 | W4: 0 | X4: 254.36 | Y4: 0 | Z4: 276.13 | AA4: 0 | AB4: 298.07 | AC4: 0 | AD4: 321.44 | AE4: 0 | AF4: 343.63 | AG4: 0 | AH4: 366.62 | AI4: 0 | AJ4: 388.82 | AK4: 0 | AL4: 410.88 | AM4: 0 | AN4: 430.06 | AO4: 0 | AP4: 444.75 | AQ4: 0 | AR4: 453.7 | AS4: 0 | AT4: 460.52 | AU4: 0 | AV4: 465.49 | AW4: 0 | AX4: 469.88 | AY4: 0 | AZ4: 474.51
A5: 0.1 | B5: 51.55 | C5: 0.1 | D5: 65.75 | E5: 0.1 | F5: 82.61 | G5: 0.1 | H5: 99.88 | I5: 0.1 | J5: 116.79 | K5: 0.1 | L5: 134.58 | M5: 0.1 | N5: 152.94 | O5: 0.1 | P5: 171.84 | Q5: 0.1 | R5: 191.57 | S5: 0.1 | T5: 211.05 | U5: 0.1 | V5: 231.5 | W5: 0.1 | X5: 253.49 | Y5: 0.1 | Z5: 275.27 | AA5: 0.1 | AB5: 297.21 | AC5: 0.1 | AD5: 320.59 | AE5: 0.1 | AF5: 342.78 | AG5: 0.1 | AH5: 365.77 | AI5: 0.1 | AJ5: 387.97 | AK5: 0.1 | AL5: 410.04 | AM5: 0.1 | AN5: 429.22 | AO5: 0.1 | AP5: 443.91 | AQ5: 0.1 | AR5: 452.85 | AS5: 0.1 | AT5: 459.67 | AU5: 0.1 | AV5: 464.63 | AW5: 0.1 | AX5: 469.02 | AY5: 0.1 | AZ5: 473.64
A6: 0.2 | B6: 49.83 | C6: 0.2 | D6: 64.38 | E6: 0.2 | F6: 81.48 | G6: 0.2 | H6: 98.85 | I6: 0.2 | J6: 115.8 | K6: 0.2 | L6: 133.62 | M6: 0.2 | N6: 152.02 | O6: 0.2 | P6: 170.93 | Q6: 0.2 | R6: 190.68 | S6: 0.2 | T6: 210.17 | U6: 0.2 | V6: 230.63 | W6: 0.2 | X6: 252.62 | Y6: 0.2 | Z6: 274.41 | AA6: 0.2 | AB6: 296.36 | AC6: 0.2 | AD6: 319.73 | AE6: 0.2 | AF6: 341.93 | AG6: 0.2 | AH6: 364.93 | AI6: 0.2 | AJ6: 387.13 | AK6: 0.2 | AL6: 409.19 | AM6: 0.2 | AN6: 428.37 | AO6: 0.2 | AP6: 443.06 | AQ6: 0.2 | AR6: 452.01 | AS6: 0.2 | AT6: 458.82 | AU6: 0.2 | AV6: 463.78 | AW6: 0.2 | AX6: 468.16 | AY6: 0.2 | AZ6: 472.77
A7: 0.3 | B7: 48.11 | C7: 0.3 | D7: 63.01 | E7: 0.3 | F7: 80.35 | G7: 0.3 | H7: 97.82 | I7: 0.3 | J7: 114.81 | K7: 0.3 | L7: 132.67 | M7: 0.3 | N7: 151.09 | O7: 0.3 | P7: 170.02 | Q7: 0.3 | R7: 189.78 | S7: 0.3 | T7: 209.28 | U7: 0.3 | V7: 229.75 | W7: 0.3 | X7: 251.76 | Y7: 0.3 | Z7: 273.55 | AA7: 0.3 | AB7: 295.5 | AC7: 0.3 | AD7: 318.88 | AE7: 0.3 | AF7: 341.08 | AG7: 0.3 | AH7: 364.08 | AI7: 0.3 | AJ7: 386.28 | AK7: 0.3 | AL7: 408.35 | AM7: 0.3 | AN7: 427.53 | AO7: 0.3 | AP7: 442.22 | AQ7: 0.3 | AR7: 451.16 | AS7: 0.3 | AT7: 457.97 | AU7: 0.3 | AV7: 462.92 | AW7: 0.3 | AX7: 467.29 | AY7: 0.3 | AZ7: 471.9
A8: 0.4 | B8: 46.4 | C8: 0.4 | D8: 61.64 | E8: 0.4 | F8: 79.21 | G8: 0.4 | H8: 96.79 | I8: 0.4 | J8: 113.82 | K8: 0.4 | L8: 131.71 | M8: 0.4 | N8: 150.16 | O8: 0.4 | P8: 169.11 | Q8: 0.4 | R8: 188.89 | S8: 0.4 | T8: 208.39 | U8: 0.4 | V8: 228.87 | W8: 0.4 | X8: 250.89 | Y8: 0.4 | Z8: 272.69 | AA8: 0.4 | AB8: 294.64 | AC8: 0.4 | AD8: 318.03 | AE8: 0.4 | AF8: 340.24 | AG8: 0.4 | AH8: 363.23 | AI8: 0.4 | AJ8: 385.44 | AK8: 0.4 | AL8: 407.51 | AM8: 0.4 | AN8: 426.69 | AO8: 0.4 | AP8: 441.37 | AQ8: 0.4 | AR8: 450.31 | AS8: 0.4 | AT8: 457.12 | AU8: 0.4 | AV8: 462.07 | AW8: 0.4 | AX8: 466.43 | AY8: 0.4 | AZ8: 471.03
A9: 0.5 | B9: 44.68 | C9: 0.5 | D9: 60.27 | E9: 0.5 | F9: 78.08 | G9: 0.5 | H9: 95.76 | I9: 0.5 | J9: 112.83 | K9: 0.5 | L9: 130.76 | M9: 0.5 | N9: 149.24 | O9: 0.5 | P9: 168.2 | Q9: 0.5 | R9: 187.99 | S9: 0.5 | T9: 207.51 | U9: 0.5 | V9: 228 | W9: 0.5 | X9: 250.02 | Y9: 0.5 | Z9: 271.83 | AA9: 0.5 | AB9: 293.79 | AC9: 0.5 | AD9: 317.18 | AE9: 0.5 | AF9: 339.39 | AG9: 0.5 | AH9: 362.39 | AI9: 0.5 | AJ9: 384.59 | AK9: 0.5 | AL9: 406.66 | AM9: 0.5 | AN9: 425.84 | AO9: 0.5 | AP9: 440.53 | AQ9: 0.5 | AR9: 449.47 | AS9: 0.5 | AT9: 456.26 | AU9: 0.5 | AV9: 461.21 | AW9: 0.5 | AX9: 465.57 | AY9: 0.5 | AZ9: 470.16
A10: 0.6 | B10: 42.96 | C10: 0.6 | D10: 58.9 | E10: 0.6 | F10: 76.95 | G10: 0.6 | H10: 94.73 | I10: 0.6 | J10: 111.84 | K10: 0.6 | L10: 129.8 | M10: 0.6 | N10: 148.31 | O10: 0.6 | P10: 167.29 | Q10: 0.6 | R10: 187.1 | S10: 0.6 | T10: 206.62 | U10: 0.6 | V10: 227.12 | W10: 0.6 | X10: 249.15 | Y10: 0.6 | Z10: 270.97 | AA10: 0.6 | AB10: 292.93 | AC10: 0.6 | AD10: 316.32 | AE10: 0.6 | AF10: 338.54 | AG10: 0.6 | AH10: 361.54 | AI10: 0.6 | AJ10: 383.75 | AK10: 0.6 | AL10: 405.82 | AM10: 0.6 | AN10: 425 | AO10: 0.6 | AP10: 439.69 | AQ10: 0.6 | AR10: 448.62 | AS10: 0.6 | AT10: 455.41 | AU10: 0.6 | AV10: 460.36 | AW10: 0.6 | AX10: 464.71 | AY10: 0.6 | AZ10: 469.3
A11: 0.7 | B11: 41.24 | C11: 0.7 | D11: 57.53 | E11: 0.7 | F11: 75.82 | G11: 0.7 | H11: 93.7 | I11: 0.7 | J11: 110.85 | K11: 0.7 | L11: 128.85 | M11: 0.7 | N11: 147.38 | O11: 0.7 | P11: 166.39 | Q11: 0.7 | R11: 186.2 | S11: 0.7 | T11: 205.73 | U11: 0.7 | V11: 226.24 | W11: 0.7 | X11: 248.28 | Y11: 0.7 | Z11: 270.11 | AA11: 0.7 | AB11: 292.07 | AC11: 0.7 | AD11: 315.47 | AE11: 0.7 | AF11: 337.69 | AG11: 0.7 | AH11: 360.69 | AI11: 0.7 | AJ11: 382.9 | AK11: 0.7 | AL11: 404.97 | AM11: 0.7 | AN11: 424.16 | AO11: 0.7 | AP11: 438.84 | AQ11: 0.7 | AR11: 447.77 | AS11: 0.7 | AT11: 454.56 | AU11: 0.7 | AV11: 459.5 | AW11: 0.7 | AX11: 463.84 | AY11: 0.7 | AZ11: 468.43
A12: 0.8 | B12: 39.52 | C12: 0.8 | D12: 56.16 | E12: 0.8 | F12: 74.69 | G12: 0.8 | H12: 92.67 | I12: 0.8 | J12: 109.86 | K12: 0.8 | L12: 127.89 | M12: 0.8 | N12: 146.45 | O12: 0.8 | P12: 165.48 | Q12: 0.8 | R12: 185.31 | S12: 0.8 | T12: 204.85 | U12: 0.8 | V12: 225.36 | W12: 0.8 | X12: 247.42 | Y12: 0.8 | Z12: 269.25 | AA12: 0.8 | AB12: 291.22 | AC12: 0.8 | AD12: 314.62 | AE12: 0.8 | AF12: 336.84 | AG12: 0.8 | AH12: 359.85 | AI12: 0.8 | AJ12: 382.06 | AK12: 0.8 | AL12: 404.13 | AM12: 0.8 | AN12: 423.31 | AO12: 0.8 | AP12: 438 | AQ12: 0.8 | AR12: 446.93 | AS12: 0.8 | AT12: 453.71 | AU12: 0.8 | AV12: 458.64 | AW12: 0.8 | AX12: 462.98 | AY12: 0.8 | AZ12: 467.56
A13: 0.9 | B13: 37.8 | C13: 0.9 | D13: 54.79 | E13: 0.9 | F13: 73.56 | G13: 0.9 | H13: 91.64 | I13: 0.9 | J13: 108.87 | K13: 0.9 | L13: 126.94 | M13: 0.9 | N13: 145.53 | O13: 0.9 | P13: 164.57 | Q13: 0.9 | R13: 184.41 | S13: 0.9 | T13: 203.96 | U13: 0.9 | V13: 224.49 | W13: 0.9 | X13: 246.55 | Y13: 0.9 | Z13: 268.39 | AA13: 0.9 | AB13: 290.36 | AC13: 0.9 | AD13: 313.77 | AE13: 0.9 | AF13: 335.99 | AG13: 0.9 | AH13: 359 | AI13: 0.9 | AJ13: 381.21 | AK13: 0.9 | AL13: 403.29 | AM13: 0.9 | AN13: 422.47 | AO13: 0.9 | AP13: 437.15 | AQ13: 0.9 | AR13: 446.08 | AS13: 0.9 | AT13: 452.86 | AU13: 0.9 | AV13: 457.79 | AW13: 0.9 | AX13: 462.12 | AY13: 0.9 | AZ13: 466.69
A14: 1 | B14: 36.09 | C14: 1 | D14: 53.42 | E14: 1 | F14: 72.42 | G14: 1 | H14: 90.61 | I14: 1 | J14: 107.88 | K14: 1 | L14: 125.99 | M14: 1 | N14: 144.6 | O14: 1 | P14: 163.66 | Q14: 1 | R14: 183.52 | S14: 1 | T14: 203.07 | U14: 1 | V14: 223.61 | W14: 1 | X14: 245.68 | Y14: 1 | Z14: 267.53 | AA14: 1 | AB14: 289.5 | AC14: 1 | AD14: 312.91 | AE14: 1 | AF14: 335.15 | AG14: 1 | AH14: 358.15 | AI14: 1 | AJ14: 380.37 | AK14: 1 | AL14: 402.44 | AM14: 1 | AN14: 421.63 | AO14: 1 | AP14: 436.31 | AQ14: 1 | AR14: 445.24 | AS14: 1 | AT14: 452.01 | AU14: 1 | AV14: 456.93 | AW14: 1 | AX14: 461.26 | AY14: 1 | AZ14: 465.82
A15: 1.1 | B15: 34.37 | C15: 1.1 | D15: 52.05 | E15: 1.1 | F15: 71.29 | G15: 1.1 | H15: 89.58 | I15: 1.1 | J15: 106.89 | K15: 1.1 | L15: 125.03 | M15: 1.1 | N15: 143.67 | O15: 1.1 | P15: 162.75 | Q15: 1.1 | R15: 182.62 | S15: 1.1 | T15: 202.19 | U15: 1.1 | V15: 222.73 | W15: 1.1 | X15: 244.81 | Y15: 1.1 | Z15: 266.67 | AA15: 1.1 | AB15: 288.65 | AC15: 1.1 | AD15: 312.06 | AE15: 1.1 | AF15: 334.3 | AG15: 1.1 | AH15: 357.31 | AI15: 1.1 | AJ15: 379.52 | AK15: 1.1 | AL15: 401.6 | AM15: 1.1 | AN15: 420.78 | AO15: 1.1 | AP15: 435.47 | AQ15: 1.1 | AR15: 444.39 | AS15: 1.1 | AT15: 451.16 | AU15: 1.1 | AV15: 456.08 | AW15: 1.1 | AX15: 460.4 | AY15: 1.1 | AZ15: 464.95
... A35: 3.1 | B35: 0 | C35: 3.1 | D35: 24.66 | E35: 3.1 | F35: 48.66 | G35: 3.1 | H35: 68.99 | I35: 3.1 | J35: 87.1 | K35: 3.1 | L35: 105.94 | M35: 3.1 | N35: 125.14 | O35: 3.1 | P35: 144.56 | Q35: 3.1 | R35: 164.72 | S35: 3.1 | T35: 184.45 | U35: 3.1 | V35: 205.2 | W35: 3.1 | X35: 227.45 | Y35: 3.1 | Z35: 249.46 | AA35: 3.1 | AB35: 271.52 | AC35: 3.1 | AD35: 295.01 | AE35: 3.1 | AF35: 317.33 | AG35: 3.1 | AH35: 340.37 | AI35: 3.1 | AJ35: 362.62 | AK35: 3.1 | AL35: 384.73 | AM35: 3.1 | AN35: 403.92 | AO35: 3.1 | AP35: 418.59 | AQ35: 3.1 | AR35: 427.46 | AS35: 3.1 | AT35: 434.13 | AU35: 3.1 | AV35: 438.96 | AW35: 3.1 | AX35: 443.15 | AY35: 3.1 | AZ35: 447.57
C36: 3.2 | D36: 23.29 | E36: 3.2 | F36: 47.53 | G36: 3.2 | H36: 67.96 | I36: 3.2 | J36: 86.11 | K36: 3.2 | L36: 104.99 | M36: 3.2 | N36: 124.21 | O36: 3.2 | P36: 143.66 | Q36: 3.2 | R36: 163.82 | S36: 3.2 | T36: 183.56 | U36: 3.2 | V36: 204.32 | W36: 3.2 | X36: 226.58 | Y36: 3.2 | Z36: 248.6 | AA36: 3.2 | AB36: 270.66 | AC36: 3.2 | AD36: 294.16 | AE36: 3.2 | AF36: 316.48 | AG36: 3.2 | AH36: 339.53 | AI36: 3.2 | AJ36: 361.77 | AK36: 3.2 | AL36: 383.88 | AM36: 3.2 | AN36: 403.08 | AO36: 3.2 | AP36: 417.74 | AQ36: 3.2 | AR36: 426.61 | AS36: 3.2 | AT36: 433.28 | AU36: 3.2 | AV36: 438.11 | AW36: 3.2 | AX36: 442.29 | AY36: 3.2 | AZ36: 446.7
C37: 3.3 | D37: 21.92 | E37: 3.3 | F37: 46.4 | G37: 3.3 | H37: 66.93 | I37: 3.3 | J37: 85.12 | K37: 3.3 | L37: 104.03 | M37: 3.3 | N37: 123.28 | O37: 3.3 | P37: 142.75 | Q37: 3.3 | R37: 162.93 | S37: 3.3 | T37: 182.68 | U37: 3.3 | V37: 203.44 | W37: 3.3 | X37: 225.71 | Y37: 3.3 | Z37: 247.74 | AA37: 3.3 | AB37: 269.8 | AC37: 3.3 | AD37: 293.3 | AE37: 3.3 | AF37: 315.63 | AG37: 3.3 | AH37: 338.68 | AI37: 3.3 | AJ37: 360.93 | AK37: 3.3 | AL37: 383.04 | AM37: 3.3 | AN37: 402.23 | AO37: 3.3 | AP37: 416.9 | AQ37: 3.3 | AR37: 425.77 | AS37: 3.3 | AT37: 432.43 | AU37: 3.3 | AV37: 437.25 | AW37: 3.3 | AX37: 441.43 | AY37: 3.3 | AZ37: 445.83
C38: 3.4 | D38: 20.55 | E38: 3.4 | F38: 45.26 | G38: 3.4 | H38: 65.9 | I38: 3.4 | J38: 84.13 | K38: 3.4 | L38: 103.08 | M38: 3.4 | N38: 122.35 | O38: 3.4 | P38: 141.84 | Q38: 3.4 | R38: 162.03 | S38: 3.4 | T38: 181.79 | U38: 3.4 | V38: 202.57 | W38: 3.4 | X38: 224.84 | Y38: 3.4 | Z38: 246.88 | AA38: 3.4 | AB38: 268.95 | AC38: 3.4 | AD38: 292.45 | AE38: 3.4 | AF38: 314.78 | AG38: 3.4 | AH38: 337.83 | AI38: 3.4 | AJ38: 360.08 | AK38: 3.4 | AL38: 382.19 | AM38: 3.4 | AN38: 401.39 | AO38: 3.4 | AP38: 416.06 | AQ38: 3.4 | AR38: 424.92 | AS38: 3.4 | AT38: 431.58 | AU38: 3.4 | AV38: 436.4 | AW38: 3.4 | AX38: 440.57 | AY38: 3.4 | AZ38: 444.96
C39: 3.5 | D39: 19.18 | E39: 3.5 | F39: 44.13 | G39: 3.5 | H39: 64.87 | I39: 3.5 | J39: 83.14 | K39: 3.5 | L39: 102.12 | M39: 3.5 | N39: 121.43 | O39: 3.5 | P39: 140.93 | Q39: 3.5 | R39: 161.14 | S39: 3.5 | T39: 180.9 | U39: 3.5 | V39: 201.69 | W39: 3.5 | X39: 223.98 | Y39: 3.5 | Z39: 246.02 | AA39: 3.5 | AB39: 268.09 | AC39: 3.5 | AD39: 291.6 | AE39: 3.5 | AF39: 313.93 | AG39: 3.5 | AH39: 336.99 | AI39: 3.5 | AJ39: 359.24 | AK39: 3.5 | AL39: 381.35 | AM39: 3.5 | AN39: 400.55 | AO39: 3.5 | AP39: 415.21 | AQ39: 3.5 | AR39: 424.07 | AS39: 3.5 | AT39: 430.73 | AU39: 3.5 | AV39: 435.54 | AW39: 3.5 | AX39: 439.7 | AY39: 3.5 | AZ39: 444.09
C40: 3.6 | D40: 17.81 | E40: 3.6 | F40: 43 | G40: 3.6 | H40: 63.84 | I40: 3.6 | J40: 82.15 | K40: 3.6 | L40: 101.17 | M40: 3.6 | N40: 120.5 | O40: 3.6 | P40: 140.02 | Q40: 3.6 | R40: 160.24 | S40: 3.6 | T40: 180.02 | U40: 3.6 | V40: 200.81 | W40: 3.6 | X40: 223.11 | Y40: 3.6 | Z40: 245.16 | AA40: 3.6 | AB40: 267.24 | AC40: 3.6 | AD40: 290.75 | AE40: 3.6 | AF40: 313.09 | AG40: 3.6 | AH40: 336.14 | AI40: 3.6 | AJ40: 358.39 | AK40: 3.6 | AL40: 380.51 | AM40: 3.6 | AN40: 399.7 | AO40: 3.6 | AP40: 414.37 | AQ40: 3.6 | AR40: 423.23 | AS40: 3.6 | AT40: 429.88 | AU40: 3.6 | AV40: 434.69 | AW40: 3.6 | AX40: 438.84 | AY40: 3.6 | AZ40: 443.22
C41: 3.7 | D41: 16.44 | E41: 3.7 | F41: 41.87 | G41: 3.7 | H41: 62.81 | I41: 3.7 | J41: 81.16 | K41: 3.7 | L41: 100.22 | M41: 3.7 | N41: 119.57 | O41: 3.7 | P41: 139.11 | Q41: 3.7 | R41: 159.35 | S41: 3.7 | T41: 179.13 | U41: 3.7 | V41: 199.93 | W41: 3.7 | X41: 222.24 | Y41: 3.7 | Z41: 244.3 | AA41: 3.7 | AB41: 266.38 | AC41: 3.7 | AD41: 289.89 | AE41: 3.7 | AF41: 312.24 | AG41: 3.7 | AH41: 335.29 | AI41: 3.7 | AJ41: 357.55 | AK41: 3.7 | AL41: 379.66 | AM41: 3.7 | AN41: 398.86 | AO41: 3.7 | AP41: 413.52 | AQ41: 3.7 | AR41: 422.38 | AS41: 3.7 | AT41: 429.02 | AU41: 3.7 | AV41: 433.83 | AW41: 3.7 | AX41: 437.98 | AY41: 3.7 | AZ41: 442.35
C42: 3.8 | D42: 15.07 | E42: 3.8 | F42: 40.74 | G42: 3.8 | H42: 61.78 | I42: 3.8 | J42: 80.17 | K42: 3.8 | L42: 99.26 | M42: 3.8 | N42: 118.65 | O42: 3.8 | P42: 138.2 | Q42: 3.8 | R42: 158.45 | S42: 3.8 | T42: 178.24 | U42: 3.8 | V42: 199.06 | W42: 3.8 | X42: 221.37 | Y42: 3.8 | Z42: 243.44 | AA42: 3.8 | AB42: 265.52 | AC42: 3.8 | AD42: 289.04 | AE42: 3.8 | AF42: 311.39 | AG42: 3.8 | AH42: 334.45 | AI42: 3.8 | AJ42: 356.7 | AK42: 3.8 | AL42: 378.82 | AM42: 3.8 | AN42: 398.02 | AO42: 3.8 | AP42: 412.68 | AQ42: 3.8 | AR42: 421.53 | AS42: 3.8 | AT42: 428.17 | AU42: 3.8 | AV42: 432.97 | AW42: 3.8 | AX42: 437.12 | AY42: 3.8 | AZ42: 441.49
C43: 3.9 | D43: 13.7 | E43: 3.9 | F43: 39.61 | G43: 3.9 | H43: 60.75 | I43: 3.9 | J43: 79.18 | K43: 3.9 | L43: 98.31 | M43: 3.9 | N43: 117.72 | O43: 3.9 | P43: 137.29 | Q43: 3.9 | R43: 157.56 | S43: 3.9 | T43: 177.36 | U43: 3.9 | V43: 198.18 | W43: 3.9 | X43: 220.5 | Y43: 3.9 | Z43: 242.58 | AA43: 3.9 | AB43: 264.67 | AC43: 3.9 | AD43: 288.19 | AE43: 3.9 | AF43: 310.54 | AG43: 3.9 | AH43: 333.6 | AI43: 3.9 | AJ43: 355.85 | AK43: 3.9 | AL43: 377.98 | AM43: 3.9 | AN43: 397.17 | AO43: 3.9 | AP43: 411.84 | AQ43: 3.9 | AR43: 420.69 | AS43: 3.9 | AT43: 427.32 | AU43: 3.9 | AV43: 432.12 | AW43: 3.9 | AX43: 436.26 | AY43: 3.9 | AZ43: 440.62
C44: 4 | D44: 12.33 | E44: 4 | F44: 38.48 | G44: 4 | H44: 59.72 | I44: 4 | J44: 78.19 | K44: 4 | L44: 97.35 | M44: 4 | N44: 116.79 | O44: 4 | P44: 136.38 | Q44: 4 | R44: 156.66 | S44: 4 | T44: 176.47 | U44: 4 | V44: 197.3 | W44: 4 | X44: 219.64 | Y44: 4 | Z44: 241.72 | AA44: 4 | AB44: 263.81 | AC44: 4 | AD44: 287.33 | AE44: 4 | AF44: 309.69 | AG44: 4 | AH44: 332.75 | AI44: 4 | AJ44: 355.01 | AK44: 4 | AL44: 377.13 | AM44: 4 | AN44: 396.33 | AO44: 4 | AP44: 410.99 | AQ44: 4 | AR44: 419.84 | AS44: 4 | AT44: 426.47 | AU44: 4 | AV44: 431.26 | AW44: 4 | AX44: 435.39 | AY44: 4 | AZ44: 439.75
C45: 4.1 | D45: 10.96 | E45: 4.1 | F45: 37.34 | G45: 4.1 | H45: 58.69 | I45: 4.1 | J45: 77.2 | K45: 4.1 | L45: 96.4 | M45: 4.1 | N45: 115.87 | O45: 4.1 | P45: 135.47 | Q45: 4.1 | R45: 155.77 | S45: 4.1 | T45: 175.58 | U45: 4.1 | V45: 196.43 | W45: 4.1 | X45: 218.77 | Y45: 4.1 | Z45: 240.86 | AA45: 4.1 | AB45: 262.95 | AC45: 4.1 | AD45: 286.48 | AE45: 4.1 | AF45: 308.84 | AG45: 4.1 | AH45: 331.91 | AI45: 4.1 | AJ45: 354.16 | AK45: 4.1 | AL45: 376.29 | AM45: 4.1 | AN45: 395.49 | AO45: 4.1 | AP45: 410.15 | AQ45: 4.1 | AR45: 419 | AS45: 4.1 | AT45: 425.62 | AU45: 4.1 | AV45: 430.41 | AW45: 4.1 | AX45: 434.53 | AY45: 4.1 | AZ45: 438.88
C46: 4.2 | D46: 9.59 | E46: 4.2 | F46: 36.21 | G46: 4.2 | H46: 57.66 | I46: 4.2 | J46: 76.21 | K46: 4.2 | L46: 95.44 | M46: 4.2 | N46: 114.94 | O46: 4.2 | P46: 134.56 | Q46: 4.2 | R46: 154.87 | S46: 4.2 | T46: 174.7 | U46: 4.2 | V46: 195.55 | W46: 4.2 | X46: 217.9 | Y46: 4.2 | Z46: 240 | AA46: 4.2 | AB46: 262.1 | AC46: 4.2 | AD46: 285.63 | AE46: 4.2 | AF46: 307.99 | AG46: 4.2 | AH46: 331.06 | AI46: 4.2 | AJ46: 353.32 | AK46: 4.2 | AL46: 375.44 | AM46: 4.2 | AN46: 394.64 | AO46: 4.2 | AP46: 409.31 | AQ46: 4.2 | AR46: 418.15 | AS46: 4.2 | AT46: 424.77 | AU46: 4.2 | AV46: 429.55 | AW46: 4.2 | AX46: 433.67 | AY46: 4.2 | AZ46: 438.01
C47: 4.3 | D47: 8.22 | E47: 4.3 | F47: 35.08 | G47: 4.3 | H47: 56.63 | I47: 4.3 | J47: 75.22 | K47: 4.3 | L47: 94.49 | M47: 4.3 | N47: 114.01 | O47: 4.3 | P47: 133.65 | Q47: 4.3 | R47: 153.98 | S47: 4.3 | T47: 173.81 | U47: 4.3 | V47: 194.67 | W47: 4.3 | X47: 217.03 | Y47: 4.3 | Z47: 239.14 | AA47: 4.3 | AB47: 261.24 | AC47: 4.3 | AD47: 284.78 | AE47: 4.3 | AF47: 307.15 | AG47: 4.3 | AH47: 330.21 | AI47: 4.3 | AJ47: 352.47 | AK47: 4.3 | AL47: 374.6 | AM47: 4.3 | AN47: 393.8 | AO47: 4.3 | AP47: 408.46 | AQ47: 4.3 | AR47: 417.3 | AS47: 4.3 | AT47: 423.92 | AU47: 4.3 | AV47: 428.7 | AW47: 4.3 | AX47: 432.81 | AY47: 4.3 | AZ47: 437.14
... C53: 4.9 | D53: 0 | E53: 4.9 | F53: 28.29 | G53: 4.9 | H53: 50.46 | I53: 4.9 | J53: 69.28 | K53: 4.9 | L53: 88.76 | M53: 4.9 | N53: 108.45 | O53: 4.9 | P53: 128.2 | Q53: 4.9 | R53: 148.6 | S53: 4.9 | T53: 168.49 | U53: 4.9 | V53: 189.41 | W53: 4.9 | X53: 211.82 | Y53: 4.9 | Z53: 233.98 | AA53: 4.9 | AB53: 256.1 | AC53: 4.9 | AD53: 279.66 | AE53: 4.9 | AF53: 302.06 | AG53: 4.9 | AH53: 325.13 | AI53: 4.9 | AJ53: 347.4 | AK53: 4.9 | AL53: 369.54 | AM53: 4.9 | AN53: 388.74 | AO53: 4.9 | AP53: 403.4 | AQ53: 4.9 | AR53: 412.22 | AS53: 4.9 | AT53: 418.81 | AU53: 4.9 | AV53: 423.56 | AW53: 4.9 | AX53: 427.63 | AY53: 4.9 | AZ53: 431.93
E54: 5 | F54: 27.16 | G54: 5 | H54: 49.43 | I54: 5 | J54: 68.29 | K54: 5 | L54: 87.81 | M54: 5 | N54: 107.52 | O54: 5 | P54: 127.29 | Q54: 5 | R54: 147.71 | S54: 5 | T54: 167.6 | U54: 5 | V54: 188.53 | W54: 5 | X54: 210.95 | Y54: 5 | Z54: 233.12 | AA54: 5 | AB54: 255.24 | AC54: 5 | AD54: 278.81 | AE54: 5 | AF54: 301.21 | AG54: 5 | AH54: 324.29 | AI54: 5 | AJ54: 346.56 | AK54: 5 | AL54: 368.7 | AM54: 5 | AN54: 387.9 | AO54: 5 | AP54: 402.55 | AQ54: 5 | AR54: 411.38 | AS54: 5 | AT54: 417.96 | AU54: 5 | AV54: 422.71 | AW54: 5 | AX54: 426.77 | AY54: 5 | AZ54: 431.06
E55: 5.1 | F55: 26.03 | G55: 5.1 | H55: 48.4 | I55: 5.1 | J55: 67.3 | K55: 5.1 | L55: 86.85 | M55: 5.1 | N55: 106.6 | O55: 5.1 | P55: 126.38 | Q55: 5.1 | R55: 146.81 | S55: 5.1 | T55: 166.71 | U55: 5.1 | V55: 187.66 | W55: 5.1 | X55: 210.09 | Y55: 5.1 | Z55: 232.26 | AA55: 5.1 | AB55: 254.39 | AC55: 5.1 | AD55: 277.96 | AE55: 5.1 | AF55: 300.36 | AG55: 5.1 | AH55: 323.44 | AI55: 5.1 | AJ55: 345.71 | AK55: 5.1 | AL55: 367.85 | AM55: 5.1 | AN55: 387.05 | AO55: 5.1 | AP55: 401.71 | AQ55: 5.1 | AR55: 410.53 | AS55: 5.1 | AT55: 417.11 | AU55: 5.1 | AV55: 421.85 | AW55: 5.1 | AX55: 425.91 | AY55: 5.1 | AZ55: 430.19
E56: 5.2 | F56: 24.9 | G56: 5.2 | H56: 47.37 | I56: 5.2 | J56: 66.31 | K56: 5.2 | L56: 85.9 | M56: 5.2 | N56: 105.67 | O56: 5.2 | P56: 125.47 | Q56: 5.2 | R56: 145.92 | S56: 5.2 | T56: 165.83 | U56: 5.2 | V56: 186.78 | W56: 5.2 | X56: 209.22 | Y56: 5.2 | Z56: 231.4 | AA56: 5.2 | AB56: 253.53 | AC56: 5.2 | AD56: 277.1 | AE56: 5.2 | AF56: 299.51 | AG56: 5.2 | AH56: 322.59 | AI56: 5.2 | AJ56: 344.87 | AK56: 5.2 | AL56: 367.01 | AM56: 5.2 | AN56: 386.21 | AO56: 5.2 | AP56: 400.87 | AQ56: 5.2 | AR56: 409.68 | AS56: 5.2 | AT56: 416.26 | AU56: 5.2 | AV56: 420.99 | AW56: 5.2 | AX56: 425.05 | AY56: 5.2 | AZ56: 429.32
E57: 5.3 | F57: 23.76 | G57: 5.3 | H57: 46.34 | I57: 5.3 | J57: 65.32 | K57: 5.3 | L57: 84.94 | M57: 5.3 | N57: 104.74 | O57: 5.3 | P57: 124.56 | Q57: 5.3 | R57: 145.02 | S57: 5.3 | T57: 164.94 | U57: 5.3 | V57: 185.9 | W57: 5.3 | X57: 208.35 | Y57: 5.3 | Z57: 230.54 | AA57: 5.3 | AB57: 252.67 | AC57: 5.3 | AD57: 276.25 | AE57: 5.3 | AF57: 298.66 | AG57: 5.3 | AH57: 321.75 | AI57: 5.3 | AJ57: 344.02 | AK57: 5.3 | AL57: 366.16 | AM57: 5.3 | AN57: 385.37 | AO57: 5.3 | AP57: 400.02 | AQ57: 5.3 | AR57: 408.84 | AS57: 5.3 | AT57: 415.4 | AU57: 5.3 | AV57: 420.14 | AW57: 5.3 | AX57: 424.19 | AY57: 5.3 | AZ57: 428.45
E58: 5.4 | F58: 22.63 | G58: 5.4 | H58: 45.31 | I58: 5.4 | J58: 64.33 | K58: 5.4 | L58: 83.99 | M58: 5.4 | N58: 103.82 | O58: 5.4 | P58: 123.65 | Q58: 5.4 | R58: 144.13 | S58: 5.4 | T58: 164.05 | U58: 5.4 | V58: 185.03 | W58: 5.4 | X58: 207.48 | Y58: 5.4 | Z58: 229.68 | AA58: 5.4 | AB58: 251.82 | AC58: 5.4 | AD58: 275.4 | AE58: 5.4 | AF58: 297.81 | AG58: 5.4 | AH58: 320.9 | AI58: 5.4 | AJ58: 343.18 | AK58: 5.4 | AL58: 365.32 | AM58: 5.4 | AN58: 384.52 | AO58: 5.4 | AP58: 399.18 | AQ58: 5.4 | AR58: 407.99 | AS58: 5.4 | AT58: 414.55 | AU58: 5.4 | AV58: 419.28 | AW58: 5.4 | AX58: 423.32 | AY58: 5.4 | AZ58: 427.58
E59: 5.5 | F59: 21.5 | G59: 5.5 | H59: 44.28 | I59: 5.5 | J59: 63.34 | K59: 5.5 | L59: 83.04 | M59: 5.5 | N59: 102.89 | O59: 5.5 | P59: 122.74 | Q59: 5.5 | R59: 143.23 | S59: 5.5 | T59: 163.17 | U59: 5.5 | V59: 184.15 | W59: 5.5 | X59: 206.61 | Y59: 5.5 | Z59: 228.82 | AA59: 5.5 | AB59: 250.96 | AC59: 5.5 | AD59: 274.55 | AE59: 5.5 | AF59: 296.96 | AG59: 5.5 | AH59: 320.05 | AI59: 5.5 | AJ59: 342.33 | AK59: 5.5 | AL59: 364.48 | AM59: 5.5 | AN59: 383.68 | AO59: 5.5 | AP59: 398.33 | AQ59: 5.5 | AR59: 407.14 | AS59: 5.5 | AT59: 413.7 | AU59: 5.5 | AV59: 418.43 | AW59: 5.5 | AX59: 422.46 | AY59: 5.5 | AZ59: 426.71
E60: 5.6 | F60: 20.37 | G60: 5.6 | H60: 43.25 | I60: 5.6 | J60: 62.35 | K60: 5.6 | L60: 82.08 | M60: 5.6 | N60: 101.96 | O60: 5.6 | P60: 121.83 | Q60: 5.6 | R60: 142.34 | S60: 5.6 | T60: 162.28 | U60: 5.6 | V60: 183.27 | W60: 5.6 | X60: 205.75 | Y60: 5.6 | Z60: 227.96 | AA60: 5.6 | AB60: 250.1 | AC60: 5.6 | AD60: 273.69 | AE60: 5.6 | AF60: 296.12 | AG60: 5.6 | AH60: 319.2 | AI60: 5.6 | AJ60: 341.49 | AK60: 5.6 | AL60: 363.63 | AM60: 5.6 | AN60: 382.84 | AO60: 5.6 | AP60: 397.49 | AQ60: 5.6 | AR60: 406.3 | AS60: 5.6 | AT60: 412.85 | AU60: 5.6 | AV60: 417.57 | AW60: 5.6 | AX60: 421.6 | AY60: 5.6 | AZ60: 425.84
E61: 5.7 | F61: 19.24 | G61: 5.7 | H61: 42.22 | I61: 5.7 | J61: 61.36 | K61: 5.7 | L61: 81.13 | M61: 5.7 | N61: 101.04 | O61: 5.7 | P61: 120.92 | Q61: 5.7 | R61: 141.44 | S61: 5.7 | T61: 161.39 | U61: 5.7 | V61: 182.4 | W61: 5.7 | X61: 204.88 | Y61: 5.7 | Z61: 227.1 | AA61: 5.7 | AB61: 249.25 | AC61: 5.7 | AD61: 272.84 | AE61: 5.7 | AF61: 295.27 | AG61: 5.7 | AH61: 318.36 | AI61: 5.7 | AJ61: 340.64 | AK61: 5.7 | AL61: 362.79 | AM61: 5.7 | AN61: 381.99 | AO61: 5.7 | AP61: 396.65 | AQ61: 5.7 | AR61: 405.45 | AS61: 5.7 | AT61: 412 | AU61: 5.7 | AV61: 416.72 | AW61: 5.7 | AX61: 420.74 | AY61: 5.7 | AZ61: 424.97
E62: 5.8 | F62: 18.11 | G62: 5.8 | H62: 41.19 | I62: 5.8 | J62: 60.37 | K62: 5.8 | L62: 80.17 | M62: 5.8 | N62: 100.11 | O62: 5.8 | P62: 120.02 | Q62: 5.8 | R62: 140.55 | S62: 5.8 | T62: 160.51 | U62: 5.8 | V62: 181.52 | W62: 5.8 | X62: 204.01 | Y62: 5.8 | Z62: 226.24 | AA62: 5.8 | AB62: 248.39 | AC62: 5.8 | AD62: 271.99 | AE62: 5.8 | AF62: 294.42 | AG62: 5.8 | AH62: 317.51 | AI62: 5.8 | AJ62: 339.79 | AK62: 5.8 | AL62: 361.95 | AM62: 5.8 | AN62: 381.15 | AO62: 5.8 | AP62: 395.8 | AQ62: 5.8 | AR62: 404.61 | AS62: 5.8 | AT62: 411.15 | AU62: 5.8 | AV62: 415.86 | AW62: 5.8 | AX62: 419.87 | AY62: 5.8 | AZ62: 424.1
E63: 5.9 | F63: 16.97 | G63: 5.9 | H63: 40.16 | I63: 5.9 | J63: 59.38 | K63: 5.9 | L63: 79.22 | M63: 5.9 | N63: 99.18 | O63: 5.9 | P63: 119.11 | Q63: 5.9 | R63: 139.65 | S63: 5.9 | T63: 159.62 | U63: 5.9 | V63: 180.64 | W63: 5.9 | X63: 203.14 | Y63: 5.9 | Z63: 225.38 | AA63: 5.9 | AB63: 247.54 | AC63: 5.9 | AD63: 271.14 | AE63: 5.9 | AF63: 293.57 | AG63: 5.9 | AH63: 316.66 | AI63: 5.9 | AJ63: 338.95 | AK63: 5.9 | AL63: 361.1 | AM63: 5.9 | AN63: 380.31 | AO63: 5.9 | AP63: 394.96 | AQ63: 5.9 | AR63: 403.76 | AS63: 5.9 | AT63: 410.3 | AU63: 5.9 | AV63: 415 | AW63: 5.9 | AX63: 419.01 | AY63: 5.9 | AZ63: 423.24
E64: 6 | F64: 15.84 | G64: 6 | H64: 39.13 | I64: 6 | J64: 58.4 | K64: 6 | L64: 78.26 | M64: 6 | N64: 98.25 | O64: 6 | P64: 118.2 | Q64: 6 | R64: 138.76 | S64: 6 | T64: 158.73 | U64: 6 | V64: 179.77 | W64: 6 | X64: 202.27 | Y64: 6 | Z64: 224.52 | AA64: 6 | AB64: 246.68 | AC64: 6 | AD64: 270.28 | AE64: 6 | AF64: 292.72 | AG64: 6 | AH64: 315.82 | AI64: 6 | AJ64: 338.1 | AK64: 6 | AL64: 360.26 | AM64: 6 | AN64: 379.46 | AO64: 6 | AP64: 394.11 | AQ64: 6 | AR64: 402.91 | AS64: 6 | AT64: 409.45 | AU64: 6 | AV64: 414.15 | AW64: 6 | AX64: 418.15 | AY64: 6 | AZ64: 422.37
E65: 6.1 | F65: 14.71 | G65: 6.1 | H65: 38.1 | I65: 6.1 | J65: 57.41 | K65: 6.1 | L65: 77.31 | M65: 6.1 | N65: 97.33 | O65: 6.1 | P65: 117.29 | Q65: 6.1 | R65: 137.86 | S65: 6.1 | T65: 157.85 | U65: 6.1 | V65: 178.89 | W65: 6.1 | X65: 201.4 | Y65: 6.1 | Z65: 223.66 | AA65: 6.1 | AB65: 245.82 | AC65: 6.1 | AD65: 269.43 | AE65: 6.1 | AF65: 291.87 | AG65: 6.1 | AH65: 314.97 | AI65: 6.1 | AJ65: 337.26 | AK65: 6.1 | AL65: 359.41 | AM65: 6.1 | AN65: 378.62 | AO65: 6.1 | AP65: 393.27 | AQ65: 6.1 | AR65: 402.07 | AS65: 6.1 | AT65: 408.59 | AU65: 6.1 | AV65: 413.29 | AW65: 6.1 | AX65: 417.29 | AY65: 6.1 | AZ65: 421.5
... E78: 7.4 | F78: 0 | G78: 7.4 | H78: 24.71 | I78: 7.4 | J78: 44.54 | K78: 7.4 | L78: 64.9 | M78: 7.4 | N78: 85.28 | O78: 7.4 | P78: 105.47 | Q78: 7.4 | R78: 127.12 | S78: 7.4 | T78: 146.32 | U78: 7.4 | V78: 167.49 | W78: 7.4 | X78: 190.12 | Y78: 7.4 | Z78: 212.47 | AA78: 7.4 | AB78: 234.69 | AC78: 7.4 | AD78: 258.35 | AE78: 7.4 | AF78: 280.84 | AG78: 7.4 | AH78: 303.96 | AI78: 7.4 | AJ78: 326.27 | AK78: 7.4 | AL78: 348.45 | AM78: 7.4 | AN78: 367.66 | AO78: 7.4 | AP78: 382.3 | AQ78: 7.4 | AR78: 391.06 | AS78: 7.4 | AT78: 397.53 | AU78: 7.4 | AV78: 402.17 | AW78: 7.4 | AX78: 406.08 | AY78: 7.4 | AZ78: 410.2
G79: 7.5 | H79: 23.68 | I79: 7.5 | J79: 43.55 | K79: 7.5 | L79: 63.95 | M79: 7.5 | N79: 84.35 | O79: 7.5 | P79: 104.56 | Q79: 7.5 | R79: 125.33 | S79: 7.5 | T79: 145.43 | U79: 7.5 | V79: 166.61 | W79: 7.5 | X79: 189.25 | Y79: 7.5 | Z79: 211.61 | AA79: 7.5 | AB79: 233.83 | AC79: 7.5 | AD79: 257.49 | AE79: 7.5 | AF79: 279.99 | AG79: 7.5 | AH79: 303.12 | AI79: 7.5 | AJ79: 325.43 | AK79: 7.5 | AL79: 347.6 | AM79: 7.5 | AN79: 366.82 | AO79: 7.5 | AP79: 381.46 | AQ79: 7.5 | AR79: 390.22 | AS79: 7.5 | AT79: 396.68 | AU79: 7.5 | AV79: 401.31 | AW79: 7.5 | AX79: 405.22 | AY79: 7.5 | AZ79: 409.33
G80: 7.6 | H80: 22.65 | I80: 7.6 | J80: 42.56 | K80: 7.6 | L80: 62.99 | M80: 7.6 | N80: 83.42 | O80: 7.6 | P80: 103.65 | Q80: 7.6 | R80: 124.43 | S80: 7.6 | T80: 144.54 | U80: 7.6 | V80: 165.74 | W80: 7.6 | X80: 188.38 | Y80: 7.6 | Z80: 210.75 | AA80: 7.6 | AB80: 232.97 | AC80: 7.6 | AD80: 256.64 | AE80: 7.6 | AF80: 279.15 | AG80: 7.6 | AH80: 302.27 | AI80: 7.6 | AJ80: 324.58 | AK80: 7.6 | AL80: 346.76 | AM80: 7.6 | AN80: 365.97 | AO80: 7.6 | AP80: 380.61 | AQ80: 7.6 | AR80: 389.37 | AS80: 7.6 | AT80: 395.83 | AU80: 7.6 | AV80: 400.46 | AW80: 7.6 | AX80: 404.36 | AY80: 7.6 | AZ80: 408.46
G81: 7.7 | H81: 21.62 | I81: 7.7 | J81: 41.57 | K81: 7.7 | L81: 62.04 | M81: 7.7 | N81: 82.5 | O81: 7.7 | P81: 102.74 | Q81: 7.7 | R81: 123.54 | S81: 7.7 | T81: 143.66 | U81: 7.7 | V81: 164.86 | W81: 7.7 | X81: 187.51 | Y81: 7.7 | Z81: 209.89 | AA81: 7.7 | AB81: 232.12 | AC81: 7.7 | AD81: 255.79 | AE81: 7.7 | AF81: 278.3 | AG81: 7.7 | AH81: 301.42 | AI81: 7.7 | AJ81: 323.73 | AK81: 7.7 | AL81: 345.92 | AM81: 7.7 | AN81: 365.13 | AO81: 7.7 | AP81: 379.77 | AQ81: 7.7 | AR81: 388.52 | AS81: 7.7 | AT81: 394.97 | AU81: 7.7 | AV81: 399.6 | AW81: 7.7 | AX81: 403.49 | AY81: 7.7 | AZ81: 407.59
G82: 7.8 | H82: 20.59 | I82: 7.8 | J82: 40.58 | K82: 7.8 | L82: 61.08 | M82: 7.8 | N82: 81.57 | O82: 7.8 | P82: 101.83 | Q82: 7.8 | R82: 122.64 | S82: 7.8 | T82: 142.77 | U82: 7.8 | V82: 163.98 | W82: 7.8 | X82: 186.65 | Y82: 7.8 | Z82: 209.03 | AA82: 7.8 | AB82: 231.26 | AC82: 7.8 | AD82: 254.94 | AE82: 7.8 | AF82: 277.45 | AG82: 7.8 | AH82: 300.58 | AI82: 7.8 | AJ82: 322.89 | AK82: 7.8 | AL82: 345.07 | AM82: 7.8 | AN82: 364.29 | AO82: 7.8 | AP82: 378.92 | AQ82: 7.8 | AR82: 387.68 | AS82: 7.8 | AT82: 394.12 | AU82: 7.8 | AV82: 398.75 | AW82: 7.8 | AX82: 402.63 | AY82: 7.8 | AZ82: 406.72
G83: 7.9 | H83: 19.56 | I83: 7.9 | J83: 39.59 | K83: 7.9 | L83: 60.13 | M83: 7.9 | N83: 80.64 | O83: 7.9 | P83: 100.92 | Q83: 7.9 | R83: 121.75 | S83: 7.9 | T83: 141.88 | U83: 7.9 | V83: 163.1 | W83: 7.9 | X83: 185.78 | Y83: 7.9 | Z83: 208.17 | AA83: 7.9 | AB83: 230.4 | AC83: 7.9 | AD83: 254.08 | AE83: 7.9 | AF83: 276.6 | AG83: 7.9 | AH83: 299.73 | AI83: 7.9 | AJ83: 322.04 | AK83: 7.9 | AL83: 344.23 | AM83: 7.9 | AN83: 363.44 | AO83: 7.9 | AP83: 378.08 | AQ83: 7.9 | AR83: 386.83 | AS83: 7.9 | AT83: 393.27 | AU83: 7.9 | AV83: 397.89 | AW83: 7.9 | AX83: 401.77 | AY83: 7.9 | AZ83: 405.85
G84: 8 | H84: 18.53 | I84: 8 | J84: 38.6 | K84: 8 | L84: 59.18 | M84: 8 | N84: 79.72 | O84: 8 | P84: 100.01 | Q84: 8 | R84: 120.85 | S84: 8 | T84: 141 | U84: 8 | V84: 162.23 | W84: 8 | X84: 184.91 | Y84: 8 | Z84: 207.31 | AA84: 8 | AB84: 229.55 | AC84: 8 | AD84: 253.23 | AE84: 8 | AF84: 275.75 | AG84: 8 | AH84: 298.88 | AI84: 8 | AJ84: 321.2 | AK84: 8 | AL84: 343.38 | AM84: 8 | AN84: 362.6 | AO84: 8 | AP84: 377.24 | AQ84: 8 | AR84: 385.98 | AS84: 8 | AT84: 392.42 | AU84: 8 | AV84: 397.04 | AW84: 8 | AX84: 400.91 | AY84: 8 | AZ84: 404.98
G85: 8.1 | H85: 17.5 | I85: 8.1 | J85: 37.61 | K85: 8.1 | L85: 58.22 | M85: 8.1 | N85: 78.79 | O85: 8.1 | P85: 99.1 | Q85: 8.1 | R85: 119.96 | S85: 8.1 | T85: 140.11 | U85: 8.1 | V85: 161.35 | W85: 8.1 | X85: 184.04 | Y85: 8.1 | Z85: 206.45 | AA85: 8.1 | AB85: 228.69 | AC85: 8.1 | AD85: 252.38 | AE85: 8.1 | AF85: 274.9 | AG85: 8.1 | AH85: 298.04 | AI85: 8.1 | AJ85: 320.35 | AK85: 8.1 | AL85: 342.54 | AM85: 8.1 | AN85: 361.76 | AO85: 8.1 | AP85: 376.39 | AQ85: 8.1 | AR85: 385.14 | AS85: 8.1 | AT85: 391.57 | AU85: 8.1 | AV85: 396.18 | AW85: 8.1 | AX85: 400.04 | AY85: 8.1 | AZ85: 404.12
G86: 8.2 | H86: 16.48 | I86: 8.2 | J86: 36.62 | K86: 8.2 | L86: 57.27 | M86: 8.2 | N86: 77.86 | O86: 8.2 | P86: 98.19 | Q86: 8.2 | R86: 119.06 | S86: 8.2 | T86: 139.22 | U86: 8.2 | V86: 160.47 | W86: 8.2 | X86: 183.17 | Y86: 8.2 | Z86: 205.59 | AA86: 8.2 | AB86: 227.84 | AC86: 8.2 | AD86: 251.52 | AE86: 8.2 | AF86: 274.06 | AG86: 8.2 | AH86: 297.19 | AI86: 8.2 | AJ86: 319.51 | AK86: 8.2 | AL86: 341.7 | AM86: 8.2 | AN86: 360.91 | AO86: 8.2 | AP86: 375.55 | AQ86: 8.2 | AR86: 384.29 | AS86: 8.2 | AT86: 390.72 | AU86: 8.2 | AV86: 395.32 | AW86: 8.2 | AX86: 399.18 | AY86: 8.2 | AZ86: 403.25
G87: 8.3 | H87: 15.45 | I87: 8.3 | J87: 35.63 | K87: 8.3 | L87: 56.31 | M87: 8.3 | N87: 76.94 | O87: 8.3 | P87: 97.29 | Q87: 8.3 | R87: 118.17 | S87: 8.3 | T87: 138.34 | U87: 8.3 | V87: 159.6 | W87: 8.3 | X87: 182.31 | Y87: 8.3 | Z87: 204.73 | AA87: 8.3 | AB87: 226.98 | AC87: 8.3 | AD87: 250.67 | AE87: 8.3 | AF87: 273.21 | AG87: 8.3 | AH87: 296.34 | AI87: 8.3 | AJ87: 318.66 | AK87: 8.3 | AL87: 340.85 | AM87: 8.3 | AN87: 360.07 | AO87: 8.3 | AP87: 374.7 | AQ87: 8.3 | AR87: 383.44 | AS87: 8.3 | AT87: 389.87 | AU87: 8.3 | AV87: 394.47 | AW87: 8.3 | AX87: 398.32 | AY87: 8.3 | AZ87: 402.38
G88: 8.4 | H88: 14.42 | I88: 8.4 | J88: 34.64 | K88: 8.4 | L88: 55.36 | M88: 8.4 | N88: 76.01 | O88: 8.4 | P88: 96.38 | Q88: 8.4 | R88: 117.27 | S88: 8.4 | T88: 137.45 | U88: 8.4 | V88: 158.72 | W88: 8.4 | X88: 181.44 | Y88: 8.4 | Z88: 203.87 | AA88: 8.4 | AB88: 226.12 | AC88: 8.4 | AD88: 249.82 | AE88: 8.4 | AF88: 272.36 | AG88: 8.4 | AH88: 295.5 | AI88: 8.4 | AJ88: 317.82 | AK88: 8.4 | AL88: 340.01 | AM88: 8.4 | AN88: 359.23 | AO88: 8.4 | AP88: 373.86 | AQ88: 8.4 | AR88: 382.6 | AS88: 8.4 | AT88: 389.02 | AU88: 8.4 | AV88: 393.61 | AW88: 8.4 | AX88: 397.46 | AY88: 8.4 | AZ88: 401.51
G89: 8.5 | H89: 13.39 | I89: 8.5 | J89: 33.65 | K89: 8.5 | L89: 54.4 | M89: 8.5 | N89: 75.08 | O89: 8.5 | P89: 95.47 | Q89: 8.5 | R89: 116.38 | S89: 8.5 | T89: 136.56 | U89: 8.5 | V89: 157.84 | W89: 8.5 | X89: 180.57 | Y89: 8.5 | Z89: 203.01 | AA89: 8.5 | AB89: 225.27 | AC89: 8.5 | AD89: 248.97 | AE89: 8.5 | AF89: 271.51 | AG89: 8.5 | AH89: 294.65 | AI89: 8.5 | AJ89: 316.97 | AK89: 8.5 | AL89: 339.17 | AM89: 8.5 | AN89: 358.38 | AO89: 8.5 | AP89: 373.02 | AQ89: 8.5 | AR89: 381.75 | AS89: 8.5 | AT89: 388.16 | AU89: 8.5 | AV89: 392.76 | AW89: 8.5 | AX89: 396.6 | AY89: 8.5 | AZ89: 400.64
G90: 8.6 | H90: 12.36 | I90: 8.6 | J90: 32.66 | K90: 8.6 | L90: 53.45 | M90: 8.6 | N90: 74.15 | O90: 8.6 | P90: 94.56 | Q90: 8.6 | R90: 115.48 | S90: 8.6 | T90: 135.68 | U90: 8.6 | V90: 156.97 | W90: 8.6 | X90: 179.7 | Y90: 8.6 | Z90: 202.15 | AA90: 8.6 | AB90: 224.41 | AC90: 8.6 | AD90: 248.11 | AE90: 8.6 | AF90: 270.66 | AG90: 8.6 | AH90: 293.8 | AI90: 8.6 | AJ90: 316.13 | AK90: 8.6 | AL90: 338.32 | AM90: 8.6 | AN90: 357.54 | AO90: 8.6 | AP90: 372.17 | AQ90: 8.6 | AR90: 380.9 | AS90: 8.6 | AT90: 387.31 | AU90: 8.6 | AV90: 391.9 | AW90: 8.6 | AX90: 395.73 | AY90: 8.6 | AZ90: 399.77
... G102: 9.8 | H102: 0 | I102: 9.8 | J102: 20.78 | K102: 9.8 | L102: 42 | M102: 9.8 | N102: 63.03 | O102: 9.8 | P102: 83.65 | Q102: 9.8 | R102: 104.74 | S102: 9.8 | T102: 125.04 | U102: 9.8 | V102: 146.44 | W102: 9.8 | X102: 169.28 | Y102: 9.8 | Z102: 191.83 | AA102: 9.8 | AB102: 214.13 | AC102: 9.8 | AD102: 237.88 | AE102: 9.8 | AF102: 260.48 | AG102: 9.8 | AH102: 283.64 | AI102: 9.8 | AJ102: 305.98 | AK102: 9.8 | AL102: 328.2 | AM102: 9.8 | AN102: 347.42 | AO102: 9.8 | AP102: 362.05 | AQ102: 9.8 | AR102: 370.75 | AS102: 9.8 | AT102: 377.1 | AU102: 9.8 | AV102: 381.63 | AW102: 9.8 | AX102: 385.39 | AY102: 9.8 | AZ102: 389.34
I103: 9.9 | J103: 19.79 | K103: 9.9 | L103: 41.04 | M103: 9.9 | N103: 62.1 | O103: 9.9 | P103: 82.74 | Q103: 9.9 | R103: 103.84 | S103: 9.9 | T103: 124.15 | U103: 9.9 | V103: 145.57 | W103: 9.9 | X103: 168.42 | Y103: 9.9 | Z103: 190.97 | AA103: 9.9 | AB103: 213.27 | AC103: 9.9 | AD103: 237.03 | AE103: 9.9 | AF103: 259.63 | AG103: 9.9 | AH103: 282.8 | AI103: 9.9 | AJ103: 305.14 | AK103: 9.9 | AL103: 327.35 | AM103: 9.9 | AN103: 346.58 | AO103: 9.9 | AP103: 361.2 | AQ103: 9.9 | AR103: 369.9 | AS103: 9.9 | AT103: 376.25 | AU103: 9.9 | AV103: 380.78 | AW103: 9.9 | AX103: 384.53 | AY103: 9.9 | AZ103: 388.47
I104: 10 | J104: 18.81 | K104: 10 | L104: 40.09 | M104: 10 | N104: 61.18 | O104: 10 | P104: 81.83 | Q104: 10 | R104: 102.95 | S104: 10 | T104: 123.26 | U104: 10 | V104: 144.69 | W104: 10 | X104: 167.55 | Y104: 10 | Z104: 190.11 | AA104: 10 | AB104: 212.42 | AC104: 10 | AD104: 236.18 | AE104: 10 | AF104: 258.78 | AG104: 10 | AH104: 281.95 | AI104: 10 | AJ104: 304.29 | AK104: 10 | AL104: 326.51 | AM104: 10 | AN104: 345.73 | AO104: 10 | AP104: 360.36 | AQ104: 10 | AR104: 369.05 | AS104: 10 | AT104: 375.4 | AU104: 10 | AV104: 379.92 | AW104: 10 | AX104: 383.66 | AY104: 10 | AZ104: 387.6
I105: 10.1 | J105: 17.82 | K105: 10.1 | L105: 39.13 | M105: 10.1 | N105: 60.25 | O105: 10.1 | P105: 80.92 | Q105: 10.1 | R105: 102.05 | S105: 10.1 | T105: 122.38 | U105: 10.1 | V105: 143.81 | W105: 10.1 | X105: 166.68 | Y105: 10.1 | Z105: 189.25 | AA105: 10.1 | AB105: 211.56 | AC105: 10.1 | AD105: 235.32 | AE105: 10.1 | AF105: 257.93 | AG105: 10.1 | AH105: 281.1 | AI105: 10.1 | AJ105: 303.45 | AK105: 10.1 | AL105: 325.67 | AM105: 10.1 | AN105: 344.89 | AO105: 10.1 | AP105: 359.51 | AQ105: 10.1 | AR105: 368.21 | AS105: 10.1 | AT105: 374.54 | AU105: 10.1 | AV105: 379.07 | AW105: 10.1 | AX105: 382.8 | AY105: 10.1 | AZ105: 386.73
I106: 10.2 | J106: 16.83 | K106: 10.2 | L106: 38.18 | M106: 10.2 | N106: 59.32 | O106: 10.2 | P106: 80.01 | Q106: 10.2 | R106: 101.16 | S106: 10.2 | T106: 121.49 | U106: 10.2 | V106: 142.94 | W106: 10.2 | X106: 165.81 | Y106: 10.2 | Z106: 188.39 | AA106: 10.2 | AB106: 210.7 | AC106: 10.2 | AD106: 234.47 | AE106: 10.2 | AF106: 257.09 | AG106: 10.2 | AH106: 280.26 | AI106: 10.2 | AJ106: 302.6 | AK106: 10.2 | AL106: 324.82 | AM106: 10.2 | AN106: 344.05 | AO106: 10.2 | AP106: 358.67 | AQ106: 10.2 | AR106: 367.36 | AS106: 10.2 | AT106: 373.69 | AU106: 10.2 | AV106: 378.21 | AW106: 10.2 | AX106: 381.94 | AY106: 10.2 | AZ106: 385.87
I107: 10.3 | J107: 15.84 | K107: 10.3 | L107: 37.22 | M107: 10.3 | N107: 58.4 | O107: 10.3 | P107: 79.1 | Q107: 10.3 | R107: 100.26 | S107: 10.3 | T107: 120.6 | U107: 10.3 | V107: 142.06 | W107: 10.3 | X107: 164.94 | Y107: 10.3 | Z107: 187.53 | AA107: 10.3 | AB107: 209.85 | AC107: 10.3 | AD107: 233.62 | AE107: 10.3 | AF107: 256.24 | AG107: 10.3 | AH107: 279.41 | AI107: 10.3 | AJ107: 301.76 | AK107: 10.3 | AL107: 323.98 | AM107: 10.3 | AN107: 343.2 | AO107: 10.3 | AP107: 357.83 | AQ107: 10.3 | AR107: 366.52 | AS107: 10.3 | AT107: 372.84 | AU107: 10.3 | AV107: 377.35 | AW107: 10.3 | AX107: 381.08 | AY107: 10.3 | AZ107: 385
I108: 10.4 | J108: 14.85 | K108: 10.4 | L108: 36.27 | M108: 10.4 | N108: 57.47 | O108: 10.4 | P108: 78.19 | Q108: 10.4 | R108: 99.37 | S108: 10.4 | T108: 119.72 | U108: 10.4 | V108: 141.18 | W108: 10.4 | X108: 164.08 | Y108: 10.4 | Z108: 186.67 | AA108: 10.4 | AB108: 208.99 | AC108: 10.4 | AD108: 232.77 | AE108: 10.4 | AF108: 255.39 | AG108: 10.4 | AH108: 278.56 | AI108: 10.4 | AJ108: 300.91 | AK108: 10.4 | AL108: 323.14 | AM108: 10.4 | AN108: 342.36 | AO108: 10.4 | AP108: 356.98 | AQ108: 10.4 | AR108: 365.67 | AS108: 10.4 | AT108: 371.99 | AU108: 10.4 | AV108: 376.5 | AW108: 10.4 | AX108: 380.21 | AY108: 10.4 | AZ108: 384.13
I109: 10.5 | J109: 13.86 | K109: 10.5 | L109: 35.31 | M109: 10.5 | N109: 56.54 | O109: 10.5 | P109: 77.28 | Q109: 10.5 | R109: 98.47 | S109: 10.5 | T109: 118.83 | U109: 10.5 | V109: 140.3 | W109: 10.5 | X109: 163.21 | Y109: 10.5 | Z109: 185.81 | AA109: 10.5 | AB109: 208.14 | AC109: 10.5 | AD109: 231.91 | AE109: 10.5 | AF109: 254.54 | AG109: 10.5 | AH109: 277.72 | AI109: 10.5 | AJ109: 300.07 | AK109: 10.5 | AL109: 322.29 | AM109: 10.5 | AN109: 341.52 | AO109: 10.5 | AP109: 356.14 | AQ109: 10.5 | AR109: 364.82 | AS109: 10.5 | AT109: 371.14 | AU109: 10.5 | AV109: 375.64 | AW109: 10.5 | AX109: 379.35 | AY109: 10.5 | AZ109: 383.26
I110: 10.6 | J110: 12.87 | K110: 10.6 | L110: 34.36 | M110: 10.6 | N110: 55.62 | O110: 10.6 | P110: 76.37 | Q110: 10.6 | R110: 97.58 | S110: 10.6 | T110: 117.94 | U110: 10.6 | V110: 139.43 | W110: 10.6 | X110: 162.34 | Y110: 10.6 | Z110: 184.95 | AA110: 10.6 | AB110: 207.28 | AC110: 10.6 | AD110: 231.06 | AE110: 10.6 | AF110: 253.69 | AG110: 10.6 | AH110: 276.87 | AI110: 10.6 | AJ110: 299.22 | AK110: 10.6 | AL110: 321.45 | AM110: 10.6 | AN110: 340.67 | AO110: 10.6 | AP110: 355.29 | AQ110: 10.6 | AR110: 363.98 | AS110: 10.6 | AT110: 370.29 | AU110: 10.6 | AV110: 374.79 | AW110: 10.6 | AX110: 378.49 | AY110: 10.6 | AZ110: 382.39
I111: 10.7 | J111: 11.88 | K111: 10.7 | L111: 33.41 | M111: 10.7 | N111: 54.69 | O111: 10.7 | P111: 75.46 | Q111: 10.7 | R111: 96.68 | S111: 10.7 | T111: 117.05 | U111: 10.7 | V111: 138.55 | W111: 10.7 | X111: 161.47 | Y111: 10.7 | Z111: 184.09 | AA111: 10.7 | AB111: 206.42 | AC111: 10.7 | AD111: 230.21 | AE111: 10.7 | AF111: 252.84 | AG111: 10.7 | AH111: 276.02 | AI111: 10.7 | AJ111: 298.38 | AK111: 10.7 | AL111: 320.6 | AM111: 10.7 | AN111: 339.83 | AO111: 10.7 | AP111: 354.45 | AQ111: 10.7 | AR111: 363.13 | AS111: 10.7 | AT111: 369.44 | AU111: 10.7 | AV111: 373.93 | AW111: 10.7 | AX111: 377.63 | AY111: 10.7 | AZ111: 381.52
I112: 10.8 | J112: 10.89 | K112: 10.8 | L112: 32.45 | M112: 10.8 | N112: 53.76 | O112: 10.8 | P112: 74.56 | Q112: 10.8 | R112: 95.79 | S112: 10.8 | T112: 116.17 | U112: 10.8 | V112: 137.67 | W112: 10.8 | X112: 160.6 | Y112: 10.8 | Z112: 183.23 | AA112: 10.8 | AB112: 205.57 | AC112: 10.8 | AD112: 229.36 | AE112: 10.8 | AF112: 252 | AG112: 10.8 | AH112: 275.18 | AI112: 10.8 | AJ112: 297.53 | AK112: 10.8 | AL112: 319.76 | AM112: 10.8 | AN112: 338.99 | AO112: 10.8 | AP112: 353.61 | AQ112: 10.8 | AR112: 362.28 | AS112: 10.8 | AT112: 368.59 | AU112: 10.8 | AV112: 373.08 | AW112: 10.8 | AX112: 376.77 | AY112: 10.8 | AZ112: 380.65
I113: 10.9 | J113: 9.9 | K113: 10.9 | L113: 31.5 | M113: 10.9 | N113: 52.83 | O113: 10.9 | P113: 73.65 | Q113: 10.9 | R113: 94.89 | S113: 10.9 | T113: 115.28 | U113: 10.9 | V113: 136.8 | W113: 10.9 | X113: 159.73 | Y113: 10.9 | Z113: 182.37 | AA113: 10.9 | AB113: 204.71 | AC113: 10.9 | AD113: 228.5 | AE113: 10.9 | AF113: 251.15 | AG113: 10.9 | AH113: 274.33 | AI113: 10.9 | AJ113: 296.69 | AK113: 10.9 | AL113: 318.92 | AM113: 10.9 | AN113: 338.15 | AO113: 10.9 | AP113: 352.76 | AQ113: 10.9 | AR113: 361.44 | AS113: 10.9 | AT113: 367.74 | AU113: 10.9 | AV113: 372.22 | AW113: 10.9 | AX113: 375.9 | AY113: 10.9 | AZ113: 379.78
I114: 11 | J114: 8.91 | K114: 11 | L114: 30.54 | M114: 11 | N114: 51.91 | O114: 11 | P114: 72.74 | Q114: 11 | R114: 94 | S114: 11 | T114: 114.39 | U114: 11 | V114: 135.92 | W114: 11 | X114: 158.87 | Y114: 11 | Z114: 181.51 | AA114: 11 | AB114: 203.85 | AC114: 11 | AD114: 227.65 | AE114: 11 | AF114: 250.3 | AG114: 11 | AH114: 273.48 | AI114: 11 | AJ114: 295.84 | AK114: 11 | AL114: 318.07 | AM114: 11 | AN114: 337.3 | AO114: 11 | AP114: 351.92 | AQ114: 11 | AR114: 360.59 | AS114: 11 | AT114: 366.88 | AU114: 11 | AV114: 371.37 | AW114: 11 | AX114: 375.04 | AY114: 11 | AZ114: 378.91
... I123: 11.9 | J123: 0 | K123: 11.9 | L123: 21.95 | M123: 11.9 | N123: 43.57 | O123: 11.9 | P123: 64.55 | Q123: 11.9 | R123: 85.94 | S123: 11.9 | T123: 106.41 | U123: 11.9 | V123: 128.03 | W123: 11.9 | X123: 151.05 | Y123: 11.9 | Z123: 173.76 | AA123: 11.9 | AB123: 196.14 | AC123: 11.9 | AD123: 219.98 | AE123: 11.9 | AF123: 242.66 | AG123: 11.9 | AH123: 265.86 | AI123: 11.9 | AJ123: 288.23 | AK123: 11.9 | AL123: 310.48 | AM123: 11.9 | AN123: 329.71 | AO123: 11.9 | AP123: 344.32 | AQ123: 11.9 | AR123: 352.97 | AS123: 11.9 | AT123: 359.22 | AU123: 11.9 | AV123: 363.66 | AW123: 11.9 | AX123: 367.28 | AY123: 11.9 | AZ123: 371.09
K124: 12 | L124: 21 | M124: 12 | N124: 42.64 | O124: 12 | P124: 63.64 | Q124: 12 | R124: 85.04 | S124: 12 | T124: 105.53 | U124: 12 | V124: 127.15 | W124: 12 | X124: 150.19 | Y124: 12 | Z124: 172.9 | AA124: 12 | AB124: 195.29 | AC124: 12 | AD124: 219.12 | AE124: 12 | AF124: 241.81 | AG124: 12 | AH124: 265.02 | AI124: 12 | AJ124: 287.39 | AK124: 12 | AL124: 309.64 | AM124: 12 | AN124: 328.87 | AO124: 12 | AP124: 343.48 | AQ124: 12 | AR124: 352.13 | AS124: 12 | AT124: 358.37 | AU124: 12 | AV124: 362.81 | AW124: 12 | AX124: 366.42 | AY124: 12 | AZ124: 370.22
K125: 12.1 | L125: 20.04 | M125: 12.1 | N125: 41.71 | O125: 12.1 | P125: 62.74 | Q125: 12.1 | R125: 84.15 | S125: 12.1 | T125: 104.64 | U125: 12.1 | V125: 126.27 | W125: 12.1 | X125: 149.32 | Y125: 12.1 | Z125: 172.04 | AA125: 12.1 | AB125: 194.43 | AC125: 12.1 | AD125: 218.27 | AE125: 12.1 | AF125: 240.97 | AG125: 12.1 | AH125: 264.17 | AI125: 12.1 | AJ125: 286.54 | AK125: 12.1 | AL125: 308.79 | AM125: 12.1 | AN125: 328.03 | AO125: 12.1 | AP125: 342.63 | AQ125: 12.1 | AR125: 351.28 | AS125: 12.1 | AT125: 357.52 | AU125: 12.1 | AV125: 361.95 | AW125: 12.1 | AX125: 365.56 | AY125: 12.1 | AZ125: 369.35
K126: 12.2 | L126: 19.09 | M126: 12.2 | N126: 40.78 | O126: 12.2 | P126: 61.83 | Q126: 12.2 | R126: 83.25 | S126: 12.2 | T126: 103.75 | U126: 12.2 | V126: 125.4 | W126: 12.2 | X126: 148.45 | Y126: 12.2 | Z126: 171.18 | AA126: 12.2 | AB126: 193.57 | AC126: 12.2 | AD126: 217.42 | AE126: 12.2 | AF126: 240.12 | AG126: 12.2 | AH126: 263.32 | AI126: 12.2 | AJ126: 285.7 | AK126: 12.2 | AL126: 307.95 | AM126: 12.2 | AN126: 327.18 | AO126: 12.2 | AP126: 341.79 | AQ126: 12.2 | AR126: 350.43 | AS126: 12.2 | AT126: 356.67 | AU126: 12.2 | AV126: 361.1 | AW126: 12.2 | AX126: 364.7 | AY126: 12.2 | AZ126: 368.48
K127: 12.3 | L127: 18.13 | M127: 12.3 | N127: 39.86 | O127: 12.3 | P127: 60.92 | Q127: 12.3 | R127: 82.36 | S127: 12.3 | T127: 102.87 | U127: 12.3 | V127: 124.52 | W127: 12.3 | X127: 147.58 | Y127: 12.3 | Z127: 170.32 | AA127: 12.3 | AB127: 192.72 | AC127: 12.3 | AD127: 216.57 | AE127: 12.3 | AF127: 239.27 | AG127: 12.3 | AH127: 262.48 | AI127: 12.3 | AJ127: 284.85 | AK127: 12.3 | AL127: 307.11 | AM127: 12.3 | AN127: 326.34 | AO127: 12.3 | AP127: 340.95 | AQ127: 12.3 | AR127: 349.59 | AS127: 12.3 | AT127: 355.82 | AU127: 12.3 | AV127: 360.24 | AW127: 12.3 | AX127: 363.83 | AY127: 12.3 | AZ127: 367.61
K128: 12.4 | L128: 17.18 | M128: 12.4 | N128: 38.93 | O128: 12.4 | P128: 60.01 | Q128: 12.4 | R128: 81.46 | S128: 12.4 | T128: 101.98 | U128: 12.4 | V128: 123.64 | W128: 12.4 | X128: 146.71 | Y128: 12.4 | Z128: 169.46 | AA128: 12.4 | AB128: 191.86 | AC128: 12.4 | AD128: 215.71 | AE128: 12.4 | AF128: 238.42 | AG128: 12.4 | AH128: 261.63 | AI128: 12.4 | AJ128: 284.01 | AK128: 12.4 | AL128: 306.26 | AM128: 12.4 | AN128: 325.5 | AO128: 12.4 | AP128: 340.1 | AQ128: 12.4 | AR128: 348.74 | AS128: 12.4 | AT128: 354.97 | AU128: 12.4 | AV128: 359.39 | AW128: 12.4 | AX128: 362.97 | AY128: 12.4 | AZ128: 366.75
K129: 12.5 | L129: 16.23 | M129: 12.5 | N129: 38 | O129: 12.5 | P129: 59.1 | Q129: 12.5 | R129: 80.57 | S129: 12.5 | T129: 101.09 | U129: 12.5 | V129: 122.77 | W129: 12.5 | X129: 145.84 | Y129: 12.5 | Z129: 168.6 | AA129: 12.5 | AB129: 191 | AC129: 12.5 | AD129: 214.86 | AE129: 12.5 | AF129: 237.57 | AG129: 12.5 | AH129: 260.78 | AI129: 12.5 | AJ129: 283.16 | AK129: 12.5 | AL129: 305.42 | AM129: 12.5 | AN129: 324.65 | AO129: 12.5 | AP129: 339.26 | AQ129: 12.5 | AR129: 347.89 | AS129: 12.5 | AT129: 354.12 | AU129: 12.5 | AV129: 358.53 | AW129: 12.5 | AX129: 362.11 | AY129: 12.5 | AZ129: 365.88
K130: 12.6 | L130: 15.27 | M130: 12.6 | N130: 37.08 | O130: 12.6 | P130: 58.19 | Q130: 12.6 | R130: 79.67 | S130: 12.6 | T130: 100.21 | U130: 12.6 | V130: 121.89 | W130: 12.6 | X130: 144.98 | Y130: 12.6 | Z130: 167.74 | AA130: 12.6 | AB130: 190.15 | AC130: 12.6 | AD130: 214.01 | AE130: 12.6 | AF130: 236.72 | AG130: 12.6 | AH130: 259.94 | AI130: 12.6 | AJ130: 282.32 | AK130: 12.6 | AL130: 304.57 | AM130: 12.6 | AN130: 323.81 | AO130: 12.6 | AP130: 338.42 | AQ130: 12.6 | AR130: 347.05 | AS130: 12.6 | AT130: 353.26 | AU130: 12.6 | AV130: 357.67 | AW130: 12.6 | AX130: 361.25 | AY130: 12.6 | AZ130: 365.01
K131: 12.7 | L131: 14.32 | M131: 12.7 | N131: 36.15 | O131: 12.7 | P131: 57.28 | Q131: 12.7 | R131: 78.78 | S131: 12.7 | T131: 99.32 | U131: 12.7 | V131: 121.01 | W131: 12.7 | X131: 144.11 | Y131: 12.7 | Z131: 166.88 | AA131: 12.7 | AB131: 189.29 | AC131: 12.7 | AD131: 213.16 | AE131: 12.7 | AF131: 235.87 | AG131: 12.7 | AH131: 259.09 | AI131: 12.7 | AJ131: 281.47 | AK131: 12.7 | AL131: 303.73 | AM131: 12.7 | AN131: 322.97 | AO131: 12.7 | AP131: 337.57 | AQ131: 12.7 | AR131: 346.2 | AS131: 12.7 | AT131: 352.41 | AU131: 12.7 | AV131: 356.82 | AW131: 12.7 | AX131: 360.39 | AY131: 12.7 | AZ131: 364.14
K132: 12.8 | L132: 13.36 | M132: 12.8 | N132: 35.22 | O132: 12.8 | P132: 56.37 | Q132: 12.8 | R132: 77.88 | S132: 12.8 | T132: 98.43 | U132: 12.8 | V132: 120.14 | W132: 12.8 | X132: 143.24 | Y132: 12.8 | Z132: 166.02 | AA132: 12.8 | AB132: 188.44 | AC132: 12.8 | AD132: 212.3 | AE132: 12.8 | AF132: 235.03 | AG132: 12.8 | AH132: 258.24 | AI132: 12.8 | AJ132: 280.63 | AK132: 12.8 | AL132: 302.89 | AM132: 12.8 | AN132: 322.12 | AO132: 12.8 | AP132: 336.73 | AQ132: 12.8 | AR132: 345.35 | AS132: 12.8 | AT132: 351.56 | AU132: 12.8 | AV132: 355.96 | AW132: 12.8 | AX132: 359.52 | AY132: 12.8 | AZ132: 363.27
K133: 12.9 | L133: 12.41 | M133: 12.9 | N133: 34.3 | O133: 12.9 | P133: 55.46 | Q133: 12.9 | R133: 76.99 | S133: 12.9 | T133: 97.55 | U133: 12.9 | V133: 119.26 | W133: 12.9 | X133: 142.37 | Y133: 12.9 | Z133: 165.16 | AA133: 12.9 | AB133: 187.58 | AC133: 12.9 | AD133: 211.45 | AE133: 12.9 | AF133: 234.18 | AG133: 12.9 | AH133: 257.4 | AI133: 12.9 | AJ133: 279.78 | AK133: 12.9 | AL133: 302.04 | AM133: 12.9 | AN133: 321.28 | AO133: 12.9 | AP133: 335.88 | AQ133: 12.9 | AR133: 344.51 | AS133: 12.9 | AT133: 350.71 | AU133: 12.9 | AV133: 355.11 | AW133: 12.9 | AX133: 358.66 | AY133: 12.9 | AZ133: 362.4
K134: 13 | L134: 11.45 | M134: 13 | N134: 33.37 | O134: 13 | P134: 54.55 | Q134: 13 | R134: 76.09 | S134: 13 | T134: 96.66 | U134: 13 | V134: 118.38 | W134: 13 | X134: 141.5 | Y134: 13 | Z134: 164.3 | AA134: 13 | AB134: 186.72 | AC134: 13 | AD134: 210.6 | AE134: 13 | AF134: 233.33 | AG134: 13 | AH134: 256.55 | AI134: 13 | AJ134: 278.94 | AK134: 13 | AL134: 301.2 | AM134: 13 | AN134: 320.44 | AO134: 13 | AP134: 335.04 | AQ134: 13 | AR134: 343.66 | AS134: 13 | AT134: 349.86 | AU134: 13 | AV134: 354.25 | AW134: 13 | AX134: 357.8 | AY134: 13 | AZ134: 361.53
K135: 13.1 | L135: 10.5 | M135: 13.1 | N135: 32.44 | O135: 13.1 | P135: 53.64 | Q135: 13.1 | R135: 75.2 | S135: 13.1 | T135: 95.77 | U135: 13.1 | V135: 117.51 | W135: 13.1 | X135: 140.64 | Y135: 13.1 | Z135: 163.44 | AA135: 13.1 | AB135: 185.87 | AC135: 13.1 | AD135: 209.75 | AE135: 13.1 | AF135: 232.48 | AG135: 13.1 | AH135: 255.7 | AI135: 13.1 | AJ135: 278.09 | AK135: 13.1 | AL135: 300.36 | AM135: 13.1 | AN135: 319.59 | AO135: 13.1 | AP135: 334.2 | AQ135: 13.1 | AR135: 342.81 | AS135: 13.1 | AT135: 349.01 | AU135: 13.1 | AV135: 353.4 | AW135: 13.1 | AX135: 356.94 | AY135: 13.1 | AZ135: 360.66
... K146: 14.2 | L146: 0 | M146: 14.2 | N146: 22.25 | O146: 14.2 | P146: 43.64 | Q146: 14.2 | R146: 65.35 | S146: 14.2 | T146: 86.02 | U146: 14.2 | V146: 107.86 | W146: 14.2 | X146: 131.09 | Y146: 14.2 | Z146: 153.98 | AA146: 14.2 | AB146: 176.44 | AC146: 14.2 | AD146: 200.37 | AE146: 14.2 | AF146: 223.15 | AG146: 14.2 | AH146: 246.39 | AI146: 14.2 | AJ146: 268.79 | AK146: 14.2 | AL146: 291.08 | AM146: 14.2 | AN146: 310.32 | AO146: 14.2 | AP146: 324.91 | AQ146: 14.2 | AR146: 333.5 | AS146: 14.2 | AT146: 339.64 | AU146: 14.2 | AV146: 343.98 | AW146: 14.2 | AX146: 347.45 | AY146: 14.2 | AZ146: 351.1
M147: 14.3 | N147: 21.32 | O147: 14.3 | P147: 42.73 | Q147: 14.3 | R147: 64.46 | S147: 14.3 | T147: 85.13 | U147: 14.3 | V147: 106.98 | W147: 14.3 | X147: 130.22 | Y147: 14.3 | Z147: 153.12 | AA147: 14.3 | AB147: 175.59 | AC147: 14.3 | AD147: 199.51 | AE147: 14.3 | AF147: 222.3 | AG147: 14.3 | AH147: 245.54 | AI147: 14.3 | AJ147: 267.95 | AK147: 14.3 | AL147: 290.23 | AM147: 14.3 | AN147: 309.47 | AO147: 14.3 | AP147: 324.07 | AQ147: 14.3 | AR147: 332.66 | AS147: 14.3 | AT147: 338.79 | AU147: 14.3 | AV147: 343.13 | AW147: 14.3 | AX147: 346.59 | AY147: 14.3 | AZ147: 350.23
M148: 14.4 | N148: 20.39 | O148: 14.4 | P148: 41.82 | Q148: 14.4 | R148: 63.56 | S148: 14.4 | T148: 84.24 | U148: 14.4 | V148: 106.11 | W148: 14.4 | X148: 129.35 | Y148: 14.4 | Z148: 152.26 | AA148: 14.4 | AB148: 174.73 | AC148: 14.4 | AD148: 198.66 | AE148: 14.4 | AF148: 221.45 | AG148: 14.4 | AH148: 244.7 | AI148: 14.4 | AJ148: 267.1 | AK148: 14.4 | AL148: 289.39 | AM148: 14.4 | AN148: 308.63 | AO148: 14.4 | AP148: 323.22 | AQ148: 14.4 | AR148: 331.81 | AS148: 14.4 | AT148: 337.94 | AU148: 14.4 | AV148: 342.27 | AW148: 14.4 | AX148: 345.73 | AY148: 14.4 | AZ148: 349.36
M149: 14.5 | N149: 19.47 | O149: 14.5 | P149: 40.91 | Q149: 14.5 | R149: 62.66 | S149: 14.5 | T149: 83.36 | U149: 14.5 | V149: 105.23 | W149: 14.5 | X149: 128.48 | Y149: 14.5 | Z149: 151.4 | AA149: 14.5 | AB149: 173.87 | AC149: 14.5 | AD149: 197.81 | AE149: 14.5 | AF149: 220.6 | AG149: 14.5 | AH149: 243.85 | AI149: 14.5 | AJ149: 266.26 | AK149: 14.5 | AL149: 288.54 | AM149: 14.5 | AN149: 307.79 | AO149: 14.5 | AP149: 322.38 | AQ149: 14.5 | AR149: 330.96 | AS149: 14.5 | AT149: 337.09 | AU149: 14.5 | AV149: 341.42 | AW149: 14.5 | AX149: 344.87 | AY149: 14.5 | AZ149: 348.5
M150: 14.6 | N150: 18.54 | O150: 14.6 | P150: 40.01 | Q150: 14.6 | R150: 61.77 | S150: 14.6 | T150: 82.47 | U150: 14.6 | V150: 104.35 | W150: 14.6 | X150: 127.61 | Y150: 14.6 | Z150: 150.54 | AA150: 14.6 | AB150: 173.02 | AC150: 14.6 | AD150: 196.96 | AE150: 14.6 | AF150: 219.75 | AG150: 14.6 | AH150: 243 | AI150: 14.6 | AJ150: 265.41 | AK150: 14.6 | AL150: 287.7 | AM150: 14.6 | AN150: 306.94 | AO150: 14.6 | AP150: 321.54 | AQ150: 14.6 | AR150: 330.12 | AS150: 14.6 | AT150: 336.24 | AU150: 14.6 | AV150: 340.56 | AW150: 14.6 | AX150: 344 | AY150: 14.6 | AZ150: 347.63
M151: 14.7 | N151: 17.61 | O151: 14.7 | P151: 39.1 | Q151: 14.7 | R151: 60.87 | S151: 14.7 | T151: 81.58 | U151: 14.7 | V151: 103.47 | W151: 14.7 | X151: 126.75 | Y151: 14.7 | Z151: 149.68 | AA151: 14.7 | AB151: 172.16 | AC151: 14.7 | AD151: 196.1 | AE151: 14.7 | AF151: 218.91 | AG151: 14.7 | AH151: 242.16 | AI151: 14.7 | AJ151: 264.57 | AK151: 14.7 | AL151: 286.86 | AM151: 14.7 | AN151: 306.1 | AO151: 14.7 | AP151: 320.69 | AQ151: 14.7 | AR151: 329.27 | AS151: 14.7 | AT151: 335.39 | AU151: 14.7 | AV151: 339.71 | AW151: 14.7 | AX151: 343.14 | AY151: 14.7 | AZ151: 346.76
M152: 14.8 | N152: 16.68 | O152: 14.8 | P152: 38.19 | Q152: 14.8 | R152: 59.98 | S152: 14.8 | T152: 80.7 | U152: 14.8 | V152: 102.6 | W152: 14.8 | X152: 125.88 | Y152: 14.8 | Z152: 148.82 | AA152: 14.8 | AB152: 171.3 | AC152: 14.8 | AD152: 195.25 | AE152: 14.8 | AF152: 218.06 | AG152: 14.8 | AH152: 241.31 | AI152: 14.8 | AJ152: 263.72 | AK152: 14.8 | AL152: 286.01 | AM152: 14.8 | AN152: 305.26 | AO152: 14.8 | AP152: 319.85 | AQ152: 14.8 | AR152: 328.42 | AS152: 14.8 | AT152: 334.54 | AU152: 14.8 | AV152: 338.85 | AW152: 14.8 | AX152: 342.28 | AY152: 14.8 | AZ152: 345.89
M153: 14.9 | N153: 15.76 | O153: 14.9 | P153: 37.28 | Q153: 14.9 | R153: 59.08 | S153: 14.9 | T153: 79.81 | U153: 14.9 | V153: 101.72 | W153: 14.9 | X153: 125.01 | Y153: 14.9 | Z153: 147.96 | AA153: 14.9 | AB153: 170.45 | AC153: 14.9 | AD153: 194.4 | AE153: 14.9 | AF153: 217.21 | AG153: 14.9 | AH153: 240.46 | AI153: 14.9 | AJ153: 262.88 | AK153: 14.9 | AL153: 285.17 | AM153: 14.9 | AN153: 304.42 | AO153: 14.9 | AP153: 319 | AQ153: 14.9 | AR153: 327.58 | AS153: 14.9 | AT153: 333.69 | AU153: 14.9 | AV153: 337.99 | AW153: 14.9 | AX153: 341.42 | AY153: 14.9 | AZ153: 345.02
M154: 15 | N154: 14.83 | O154: 15 | P154: 36.37 | Q154: 15 | R154: 58.19 | S154: 15 | T154: 78.92 | U154: 15 | V154: 100.84 | W154: 15 | X154: 124.14 | Y154: 15 | Z154: 147.1 | AA154: 15 | AB154: 169.59 | AC154: 15 | AD154: 193.55 | AE154: 15 | AF154: 216.36 | AG154: 15 | AH154: 239.62 | AI154: 15 | AJ154: 262.03 | AK154: 15 | AL154: 284.33 | AM154: 15 | AN154: 303.57 | AO154: 15 | AP154: 318.16 | AQ154: 15 | AR154: 326.73 | AS154: 15 | AT154: 332.83 | AU154: 15 | AV154: 337.14 | AW154: 15 | AX154: 340.56 | AY154: 15 | AZ154: 344.15
M155: 15.1 | N155: 13.9 | O155: 15.1 | P155: 35.46 | Q155: 15.1 | R155: 57.29 | S155: 15.1 | T155: 78.04 | U155: 15.1 | V155: 99.97 | W155: 15.1 | X155: 123.27 | Y155: 15.1 | Z155: 146.24 | AA155: 15.1 | AB155: 168.74 | AC155: 15.1 | AD155: 192.69 | AE155: 15.1 | AF155: 215.51 | AG155: 15.1 | AH155: 238.77 | AI155: 15.1 | AJ155: 261.19 | AK155: 15.1 | AL155: 283.48 | AM155: 15.1 | AN155: 302.73 | AO155: 15.1 | AP155: 317.32 | AQ155: 15.1 | AR155: 325.89 | AS155: 15.1 | AT155: 331.98 | AU155: 15.1 | AV155: 336.28 | AW155: 15.1 | AX155: 339.69 | AY155: 15.1 | AZ155: 343.28
M156: 15.2 | N156: 12.98 | O156: 15.2 | P156: 34.55 | Q156: 15.2 | R156: 56.4 | S156: 15.2 | T156: 77.15 | U156: 15.2 | V156: 99.09 | W156: 15.2 | X156: 122.41 | Y156: 15.2 | Z156: 145.38 | AA156: 15.2 | AB156: 167.88 | AC156: 15.2 | AD156: 191.84 | AE156: 15.2 | AF156: 214.66 | AG156: 15.2 | AH156: 237.92 | AI156: 15.2 | AJ156: 260.34 | AK156: 15.2 | AL156: 282.64 | AM156: 15.2 | AN156: 301.89 | AO156: 15.2 | AP156: 316.47 | AQ156: 15.2 | AR156: 325.04 | AS156: 15.2 | AT156: 331.13 | AU156: 15.2 | AV156: 335.43 | AW156: 15.2 | AX156: 338.83 | AY156: 15.2 | AZ156: 342.41
M157: 15.3 | N157: 12.05 | O157: 15.3 | P157: 33.64 | Q157: 15.3 | R157: 55.5 | S157: 15.3 | T157: 76.26 | U157: 15.3 | V157: 98.21 | W157: 15.3 | X157: 121.54 | Y157: 15.3 | Z157: 144.52 | AA157: 15.3 | AB157: 167.02 | AC157: 15.3 | AD157: 190.99 | AE157: 15.3 | AF157: 213.81 | AG157: 15.3 | AH157: 237.08 | AI157: 15.3 | AJ157: 259.5 | AK157: 15.3 | AL157: 281.79 | AM157: 15.3 | AN157: 301.04 | AO157: 15.3 | AP157: 315.63 | AQ157: 15.3 | AR157: 324.19 | AS157: 15.3 | AT157: 330.28 | AU157: 15.3 | AV157: 334.57 | AW157: 15.3 | AX157: 337.97 | AY157: 15.3 | AZ157: 341.54
M158: 15.4 | N158: 11.12 | O158: 15.4 | P158: 32.73 | Q158: 15.4 | R158: 54.61 | S158: 15.4 | T158: 75.38 | U158: 15.4 | V158: 97.34 | W158: 15.4 | X158: 120.67 | Y158: 15.4 | Z158: 143.66 | AA158: 15.4 | AB158: 166.17 | AC158: 15.4 | AD158: 190.14 | AE158: 15.4 | AF158: 212.97 | AG158: 15.4 | AH158: 236.23 | AI158: 15.4 | AJ158: 258.65 | AK158: 15.4 | AL158: 280.95 | AM158: 15.4 | AN158: 300.2 | AO158: 15.4 | AP158: 314.79 | AQ158: 15.4 | AR158: 323.35 | AS158: 15.4 | AT158: 329.43 | AU158: 15.4 | AV158: 333.72 | AW158: 15.4 | AX158: 337.11 | AY158: 15.4 | AZ158: 340.67
... M170: 16.6 | N170: 0 | O170: 16.6 | P170: 21.82 | Q170: 16.6 | R170: 43.87 | S170: 16.6 | T170: 64.73 | U170: 16.6 | V170: 86.81 | W170: 16.6 | X170: 110.25 | Y170: 16.6 | Z170: 133.33 | AA170: 16.6 | AB170: 155.89 | AC170: 16.6 | AD170: 179.9 | AE170: 16.6 | AF170: 202.78 | AG170: 16.6 | AH170: 226.07 | AI170: 16.6 | AJ170: 248.51 | AK170: 16.6 | AL170: 270.83 | AM170: 16.6 | AN170: 290.08 | AO170: 16.6 | AP170: 304.66 | AQ170: 16.6 | AR170: 313.19 | AS170: 16.6 | AT170: 319.21 | AU170: 16.6 | AV170: 323.45 | AW170: 16.6 | AX170: 326.76 | AY170: 16.6 | AZ170: 330.25
O171: 16.7 | P171: 20.91 | Q171: 16.7 | R171: 42.97 | S171: 16.7 | T171: 63.85 | U171: 16.7 | V171: 85.94 | W171: 16.7 | X171: 109.38 | Y171: 16.7 | Z171: 132.47 | AA171: 16.7 | AB171: 155.03 | AC171: 16.7 | AD171: 179.05 | AE171: 16.7 | AF171: 201.94 | AG171: 16.7 | AH171: 225.22 | AI171: 16.7 | AJ171: 247.66 | AK171: 16.7 | AL171: 269.98 | AM171: 16.7 | AN171: 289.24 | AO171: 16.7 | AP171: 303.81 | AQ171: 16.7 | AR171: 312.34 | AS171: 16.7 | AT171: 318.36 | AU171: 16.7 | AV171: 322.59 | AW171: 16.7 | AX171: 325.9 | AY171: 16.7 | AZ171: 329.38
O172: 16.8 | P172: 20 | Q172: 16.8 | R172: 42.07 | S172: 16.8 | T172: 62.96 | U172: 16.8 | V172: 85.06 | W172: 16.8 | X172: 108.52 | Y172: 16.8 | Z172: 131.61 | AA172: 16.8 | AB172: 154.17 | AC172: 16.8 | AD172: 178.2 | AE172: 16.8 | AF172: 201.09 | AG172: 16.8 | AH172: 224.37 | AI172: 16.8 | AJ172: 246.82 | AK172: 16.8 | AL172: 269.14 | AM172: 16.8 | AN172: 288.39 | AO172: 16.8 | AP172: 302.97 | AQ172: 16.8 | AR172: 311.5 | AS172: 16.8 | AT172: 317.51 | AU172: 16.8 | AV172: 321.74 | AW172: 16.8 | AX172: 325.04 | AY172: 16.8 | AZ172: 328.51
O173: 16.9 | P173: 19.09 | Q173: 16.9 | R173: 41.18 | S173: 16.9 | T173: 62.07 | U173: 16.9 | V173: 84.18 | W173: 16.9 | X173: 107.65 | Y173: 16.9 | Z173: 130.75 | AA173: 16.9 | AB173: 153.32 | AC173: 16.9 | AD173: 177.35 | AE173: 16.9 | AF173: 200.24 | AG173: 16.9 | AH173: 223.53 | AI173: 16.9 | AJ173: 245.97 | AK173: 16.9 | AL173: 268.3 | AM173: 16.9 | AN173: 287.55 | AO173: 16.9 | AP173: 302.13 | AQ173: 16.9 | AR173: 310.65 | AS173: 16.9 | AT173: 316.66 | AU173: 16.9 | AV173: 320.88 | AW173: 16.9 | AX173: 324.17 | AY173: 16.9 | AZ173: 327.64
O174: 17 | P174: 18.18 | Q174: 17 | R174: 40.28 | S174: 17 | T174: 61.19 | U174: 17 | V174: 83.31 | W174: 17 | X174: 106.78 | Y174: 17 | Z174: 129.89 | AA174: 17 | AB174: 152.46 | AC174: 17 | AD174: 176.49 | AE174: 17 | AF174: 199.39 | AG174: 17 | AH174: 222.68 | AI174: 17 | AJ174: 245.13 | AK174: 17 | AL174: 267.45 | AM174: 17 | AN174: 286.71 | AO174: 17 | AP174: 301.28 | AQ174: 17 | AR174: 309.8 | AS174: 17 | AT174: 315.81 | AU174: 17 | AV174: 320.02 | AW174: 17 | AX174: 323.31 | AY174: 17 | AZ174: 326.77
O175: 17.1 | P175: 17.27 | Q175: 17.1 | R175: 39.39 | S175: 17.1 | T175: 60.3 | U175: 17.1 | V175: 82.43 | W175: 17.1 | X175: 105.91 | Y175: 17.1 | Z175: 129.03 | AA175: 17.1 | AB175: 151.6 | AC175: 17.1 | AD175: 175.64 | AE175: 17.1 | AF175: 198.54 | AG175: 17.1 | AH175: 221.83 | AI175: 17.1 | AJ175: 244.28 | AK175: 17.1 | AL175: 266.61 | AM175: 17.1 | AN175: 285.86 | AO175: 17.1 | AP175: 300.44 | AQ175: 17.1 | AR175: 308.96 | AS175: 17.1 | AT175: 314.96 | AU175: 17.1 | AV175: 319.17 | AW175: 17.1 | AX175: 322.45 | AY175: 17.1 | AZ175: 325.9
O176: 17.2 | P176: 16.37 | Q176: 17.2 | R176: 38.49 | S176: 17.2 | T176: 59.41 | U176: 17.2 | V176: 81.55 | W176: 17.2 | X176: 105.04 | Y176: 17.2 | Z176: 128.17 | AA176: 17.2 | AB176: 150.75 | AC176: 17.2 | AD176: 174.79 | AE176: 17.2 | AF176: 197.69 | AG176: 17.2 | AH176: 220.99 | AI176: 17.2 | AJ176: 243.44 | AK176: 17.2 | AL176: 265.76 | AM176: 17.2 | AN176: 285.02 | AO176: 17.2 | AP176: 299.59 | AQ176: 17.2 | AR176: 308.11 | AS176: 17.2 | AT176: 314.11 | AU176: 17.2 | AV176: 318.31 | AW176: 17.2 | AX176: 321.59 | AY176: 17.2 | AZ176: 325.03
...

Sheet PV Computed
A1: 2.5 | C1: 3 | E1: 3.5 | G1: 4 | I1: 4.5 | K1: 5 | M1: 5.5 | O1: 6 | Q1: 6.5 | S1: 7 | U1: 7.5 | W1: 8 | Y1: 8.5 | AA1: 9 | AC1: 9.5 | AE1: 10 | AG1: 10.5 | AI1: 11 | AK1: 11.5 | AM1: 12 | AO1: 12.5 | AQ1: 13 | AS1: 13.5 | AU1: 14 | AW1: 14.5 | AY1: 15
A2: ='IV Computed'!B4 -> 53.27 | B2: ='IV Computed'!B4*'IV Computed'!A4 -> 0 | C2: ='IV Computed'!D4 -> 67.12 | D2: ='IV Computed'!D4*'IV Computed'!C4 -> 0 | E2: ='IV Computed'!F4 -> 83.74 | F2: ='IV Computed'!F4*'IV Computed'!E4 -> 0 | G2: ='IV Computed'!H4 -> 100.91 | H2: ='IV Computed'!H4*'IV Computed'!G4 -> 0 | I2: ='IV Computed'!J4 -> 117.78 | J2: ='IV Computed'!J4*'IV Computed'!I4 -> 0 | K2: ='IV Computed'!L4 -> 135.53 | L2: ='IV Computed'!L4*'IV Computed'!K4 -> 0 | M2: ='IV Computed'!N4 -> 153.87 | N2: ='IV Computed'!N4*'IV Computed'!M4 -> 0 | O2: ='IV Computed'!P4 -> 172.75 | P2: ='IV Computed'!P4*'IV Computed'!O4 -> 0 | Q2: ='IV Computed'!R4 -> 192.47 | R2: ='IV Computed'!R4*'IV Computed'!Q4 -> 0 | S2: ='IV Computed'!T4 -> 211.94 | T2: ='IV Computed'!T4*'IV Computed'!S4 -> 0 | U2: ='IV Computed'!V4 -> 232.38 | V2: ='IV Computed'!V4*'IV Computed'!U4 -> 0 | W2: ='IV Computed'!X4 -> 254.36 | X2: ='IV Computed'!X4*'IV Computed'!W4 -> 0 | Y2: ='IV Computed'!Z4 -> 276.13 | Z2: ='IV Computed'!Z4*'IV Computed'!Y4 -> 0 | AA2: ='IV Computed'!AB4 -> 298.07 | AB2: ='IV Computed'!AB4*'IV Computed'!AA4 -> 0 | AC2: ='IV Computed'!AD4 -> 321.44 | AD2: ='IV Computed'!AD4*'IV Computed'!AC4 -> 0 | AE2: ='IV Computed'!AF4 -> 343.63 | AF2: ='IV Computed'!AF4*'IV Computed'!AE4 -> 0 | AG2: ='IV Computed'!AH4 -> 366.62 | AH2: ='IV Computed'!AH4*'IV Computed'!AG4 -> 0 | AI2: ='IV Computed'!AJ4 -> 388.82 | AJ2: ='IV Computed'!AJ4*'IV Computed'!AI4 -> 0 | AK2: ='IV Computed'!AL4 -> 410.88 | AL2: ='IV Computed'!AL4*'IV Computed'!AK4 -> 0 | AM2: ='IV Computed'!AN4 -> 430.06 | AN2: ='IV Computed'!AN4*'IV Computed'!AM4 -> 0 | AO2: ='IV Computed'!AP4 -> 444.75 | AP2: ='IV Computed'!AP4*'IV Computed'!AO4 -> 0 | AQ2: ='IV Computed'!AR4 -> 453.7 | AR2: ='IV Computed'!AR4*'IV Computed'!AQ4 -> 0 | AS2: ='IV Computed'!AT4 -> 460.52 | AT2: ='IV Computed'!AT4*'IV Computed'!AS4 -> 0 | AU2: ='IV Computed'!AV4 -> 465.49 | AV2: ='IV Computed'!AV4*'IV Computed'!AU4 -> 0 | AW2: ='IV Computed'!AX4 -> 469.88 | AX2: ='IV Computed'!AX4*'IV Computed'!AW4 -> 0 | AY2: ='IV Computed'!AZ4 -> 474.51 | AZ2: ='IV Computed'!AZ4*'IV Computed'!AY4 -> 0
A3: ='IV Computed'!B5 -> 51.55 | B3: ='IV Computed'!B5*'IV Computed'!A5 -> 5.155 | C3: ='IV Computed'!D5 -> 65.75 | D3: ='IV Computed'!D5*'IV Computed'!C5 -> 6.575 | E3: ='IV Computed'!F5 -> 82.61 | F3: ='IV Computed'!F5*'IV Computed'!E5 -> 8.261 | G3: ='IV Computed'!H5 -> 99.88 | H3: ='IV Computed'!H5*'IV Computed'!G5 -> 9.988 | I3: ='IV Computed'!J5 -> 116.79 | J3: ='IV Computed'!J5*'IV Computed'!I5 -> 11.679 | K3: ='IV Computed'!L5 -> 134.58 | L3: ='IV Computed'!L5*'IV Computed'!K5 -> 13.458 | M3: ='IV Computed'!N5 -> 152.94 | N3: ='IV Computed'!N5*'IV Computed'!M5 -> 15.294 | O3: ='IV Computed'!P5 -> 171.84 | P3: ='IV Computed'!P5*'IV Computed'!O5 -> 17.184 | Q3: ='IV Computed'!R5 -> 191.57 | R3: ='IV Computed'!R5*'IV Computed'!Q5 -> 19.157 | S3: ='IV Computed'!T5 -> 211.05 | T3: ='IV Computed'!T5*'IV Computed'!S5 -> 21.105 | U3: ='IV Computed'!V5 -> 231.5 | V3: ='IV Computed'!V5*'IV Computed'!U5 -> 23.15 | W3: ='IV Computed'!X5 -> 253.49 | X3: ='IV Computed'!X5*'IV Computed'!W5 -> 25.349 | Y3: ='IV Computed'!Z5 -> 275.27 | Z3: ='IV Computed'!Z5*'IV Computed'!Y5 -> 27.527 | AA3: ='IV Computed'!AB5 -> 297.21 | AB3: ='IV Computed'!AB5*'IV Computed'!AA5 -> 29.721 | AC3: ='IV Computed'!AD5 -> 320.59 | AD3: ='IV Computed'!AD5*'IV Computed'!AC5 -> 32.059 | AE3: ='IV Computed'!AF5 -> 342.78 | AF3: ='IV Computed'!AF5*'IV Computed'!AE5 -> 34.278 | AG3: ='IV Computed'!AH5 -> 365.77 | AH3: ='IV Computed'!AH5*'IV Computed'!AG5 -> 36.577 | AI3: ='IV Computed'!AJ5 -> 387.97 | AJ3: ='IV Computed'!AJ5*'IV Computed'!AI5 -> 38.797 | AK3: ='IV Computed'!AL5 -> 410.04 | AL3: ='IV Computed'!AL5*'IV Computed'!AK5 -> 41.004 | AM3: ='IV Computed'!AN5 -> 429.22 | AN3: ='IV Computed'!AN5*'IV Computed'!AM5 -> 42.922 | AO3: ='IV Computed'!AP5 -> 443.91 | AP3: ='IV Computed'!AP5*'IV Computed'!AO5 -> 44.391 | AQ3: ='IV Computed'!AR5 -> 452.85 | AR3: ='IV Computed'!AR5*'IV Computed'!AQ5 -> 45.285 | AS3: ='IV Computed'!AT5 -> 459.67 | AT3: ='IV Computed'!AT5*'IV Computed'!AS5 -> 45.967 | AU3: ='IV Computed'!AV5 -> 464.63 | AV3: ='IV Computed'!AV5*'IV Computed'!AU5 -> 46.463 | AW3: ='IV Computed'!AX5 -> 469.02 | AX3: ='IV Computed'!AX5*'IV Computed'!AW5 -> 46.902 | AY3: ='IV Computed'!AZ5 -> 473.64 | AZ3: ='IV Computed'!AZ5*'IV Computed'!AY5 -> 47.364 | BD3: 0 | BE3: 0
A4: ='IV Computed'!B6 -> 49.83 | B4: ='IV Computed'!B6*'IV Computed'!A6 -> 9.966 | C4: ='IV Computed'!D6 -> 64.38 | D4: ='IV Computed'!D6*'IV Computed'!C6 -> 12.876 | E4: ='IV Computed'!F6 -> 81.48 | F4: ='IV Computed'!F6*'IV Computed'!E6 -> 16.296 | G4: ='IV Computed'!H6 -> 98.85 | H4: ='IV Computed'!H6*'IV Computed'!G6 -> 19.77 | I4: ='IV Computed'!J6 -> 115.8 | J4: ='IV Computed'!J6*'IV Computed'!I6 -> 23.16 | K4: ='IV Computed'!L6 -> 133.62 | L4: ='IV Computed'!L6*'IV Computed'!K6 -> 26.724 | M4: ='IV Computed'!N6 -> 152.02 | N4: ='IV Computed'!N6*'IV Computed'!M6 -> 30.404 | O4: ='IV Computed'!P6 -> 170.93 | P4: ='IV Computed'!P6*'IV Computed'!O6 -> 34.186 | Q4: ='IV Computed'!R6 -> 190.68 | R4: ='IV Computed'!R6*'IV Computed'!Q6 -> 38.136 | S4: ='IV Computed'!T6 -> 210.17 | T4: ='IV Computed'!T6*'IV Computed'!S6 -> 42.034 | U4: ='IV Computed'!V6 -> 230.63 | V4: ='IV Computed'!V6*'IV Computed'!U6 -> 46.126 | W4: ='IV Computed'!X6 -> 252.62 | X4: ='IV Computed'!X6*'IV Computed'!W6 -> 50.524 | Y4: ='IV Computed'!Z6 -> 274.41 | Z4: ='IV Computed'!Z6*'IV Computed'!Y6 -> 54.882 | AA4: ='IV Computed'!AB6 -> 296.36 | AB4: ='IV Computed'!AB6*'IV Computed'!AA6 -> 59.272 | AC4: ='IV Computed'!AD6 -> 319.73 | AD4: ='IV Computed'!AD6*'IV Computed'!AC6 -> 63.946 | AE4: ='IV Computed'!AF6 -> 341.93 | AF4: ='IV Computed'!AF6*'IV Computed'!AE6 -> 68.386 | AG4: ='IV Computed'!AH6 -> 364.93 | AH4: ='IV Computed'!AH6*'IV Computed'!AG6 -> 72.986 | AI4: ='IV Computed'!AJ6 -> 387.13 | AJ4: ='IV Computed'!AJ6*'IV Computed'!AI6 -> 77.426 | AK4: ='IV Computed'!AL6 -> 409.19 | AL4: ='IV Computed'!AL6*'IV Computed'!AK6 -> 81.838 | AM4: ='IV Computed'!AN6 -> 428.37 | AN4: ='IV Computed'!AN6*'IV Computed'!AM6 -> 85.674 | AO4: ='IV Computed'!AP6 -> 443.06 | AP4: ='IV Computed'!AP6*'IV Computed'!AO6 -> 88.612 | AQ4: ='IV Computed'!AR6 -> 452.01 | AR4: ='IV Computed'!AR6*'IV Computed'!AQ6 -> 90.402 | AS4: ='IV Computed'!AT6 -> 458.82 | AT4: ='IV Computed'!AT6*'IV Computed'!AS6 -> 91.764 | AU4: ='IV Computed'!AV6 -> 463.78 | AV4: ='IV Computed'!AV6*'IV Computed'!AU6 -> 92.756 | AW4: ='IV Computed'!AX6 -> 468.16 | AX4: ='IV Computed'!AX6*'IV Computed'!AW6 -> 93.632 | AY4: ='IV Computed'!AZ6 -> 472.77 | AZ4: ='IV Computed'!AZ6*'IV Computed'!AY6 -> 94.554 | BC4: 2.5 | BD4: 25.78 | BE4: =MAX(B2:B548) -> 41.248
A5: ='IV Computed'!B7 -> 48.11 | B5: ='IV Computed'!B7*'IV Computed'!A7 -> 14.433 | C5: ='IV Computed'!D7 -> 63.01 | D5: ='IV Computed'!D7*'IV Computed'!C7 -> 18.903 | E5: ='IV Computed'!F7 -> 80.35 | F5: ='IV Computed'!F7*'IV Computed'!E7 -> 24.105 | G5: ='IV Computed'!H7 -> 97.82 | H5: ='IV Computed'!H7*'IV Computed'!G7 -> 29.346 | I5: ='IV Computed'!J7 -> 114.81 | J5: ='IV Computed'!J7*'IV Computed'!I7 -> 34.443 | K5: ='IV Computed'!L7 -> 132.67 | L5: ='IV Computed'!L7*'IV Computed'!K7 -> 39.801 | M5: ='IV Computed'!N7 -> 151.09 | N5: ='IV Computed'!N7*'IV Computed'!M7 -> 45.327 | O5: ='IV Computed'!P7 -> 170.02 | P5: ='IV Computed'!P7*'IV Computed'!O7 -> 51.006 | Q5: ='IV Computed'!R7 -> 189.78 | R5: ='IV Computed'!R7*'IV Computed'!Q7 -> 56.934 | S5: ='IV Computed'!T7 -> 209.28 | T5: ='IV Computed'!T7*'IV Computed'!S7 -> 62.784 | U5: ='IV Computed'!V7 -> 229.75 | V5: ='IV Computed'!V7*'IV Computed'!U7 -> 68.925 | W5: ='IV Computed'!X7 -> 251.76 | X5: ='IV Computed'!X7*'IV Computed'!W7 -> 75.528 | Y5: ='IV Computed'!Z7 -> 273.55 | Z5: ='IV Computed'!Z7*'IV Computed'!Y7 -> 82.065 | AA5: ='IV Computed'!AB7 -> 295.5 | AB5: ='IV Computed'!AB7*'IV Computed'!AA7 -> 88.65 | AC5: ='IV Computed'!AD7 -> 318.88 | AD5: ='IV Computed'!AD7*'IV Computed'!AC7 -> 95.664 | AE5: ='IV Computed'!AF7 -> 341.08 | AF5: ='IV Computed'!AF7*'IV Computed'!AE7 -> 102.324 | AG5: ='IV Computed'!AH7 -> 364.08 | AH5: ='IV Computed'!AH7*'IV Computed'!AG7 -> 109.224 | AI5: ='IV Computed'!AJ7 -> 386.28 | AJ5: ='IV Computed'!AJ7*'IV Computed'!AI7 -> 115.884 | AK5: ='IV Computed'!AL7 -> 408.35 | AL5: ='IV Computed'!AL7*'IV Computed'!AK7 -> 122.505 | AM5: ='IV Computed'!AN7 -> 427.53 | AN5: ='IV Computed'!AN7*'IV Computed'!AM7 -> 128.259 | AO5: ='IV Computed'!AP7 -> 442.22 | AP5: ='IV Computed'!AP7*'IV Computed'!AO7 -> 132.666 | AQ5: ='IV Computed'!AR7 -> 451.16 | AR5: ='IV Computed'!AR7*'IV Computed'!AQ7 -> 135.348 | AS5: ='IV Computed'!AT7 -> 457.97 | AT5: ='IV Computed'!AT7*'IV Computed'!AS7 -> 137.391 | AU5: ='IV Computed'!AV7 -> 462.92 | AV5: ='IV Computed'!AV7*'IV Computed'!AU7 -> 138.876 | AW5: ='IV Computed'!AX7 -> 467.29 | AX5: ='IV Computed'!AX7*'IV Computed'!AW7 -> 140.187 | AY5: ='IV Computed'!AZ7 -> 471.9 | AZ5: ='IV Computed'!AZ7*'IV Computed'!AY7 -> 141.57 | BC5: 3 | BD5: 32.88 | BE5: =MAX(D2:D548) -> 82.2
A6: ='IV Computed'!B8 -> 46.4 | B6: ='IV Computed'!B8*'IV Computed'!A8 -> 18.56 | C6: ='IV Computed'!D8 -> 61.64 | D6: ='IV Computed'!D8*'IV Computed'!C8 -> 24.656 | E6: ='IV Computed'!F8 -> 79.21 | F6: ='IV Computed'!F8*'IV Computed'!E8 -> 31.684 | G6: ='IV Computed'!H8 -> 96.79 | H6: ='IV Computed'!H8*'IV Computed'!G8 -> 38.716 | I6: ='IV Computed'!J8 -> 113.82 | J6: ='IV Computed'!J8*'IV Computed'!I8 -> 45.528 | K6: ='IV Computed'!L8 -> 131.71 | L6: ='IV Computed'!L8*'IV Computed'!K8 -> 52.684 | M6: ='IV Computed'!N8 -> 150.16 | N6: ='IV Computed'!N8*'IV Computed'!M8 -> 60.064 | O6: ='IV Computed'!P8 -> 169.11 | P6: ='IV Computed'!P8*'IV Computed'!O8 -> 67.644 | Q6: ='IV Computed'!R8 -> 188.89 | R6: ='IV Computed'!R8*'IV Computed'!Q8 -> 75.556 | S6: ='IV Computed'!T8 -> 208.39 | T6: ='IV Computed'!T8*'IV Computed'!S8 -> 83.356 | U6: ='IV Computed'!V8 -> 228.87 | V6: ='IV Computed'!V8*'IV Computed'!U8 -> 91.548 | W6: ='IV Computed'!X8 -> 250.89 | X6: ='IV Computed'!X8*'IV Computed'!W8 -> 100.356 | Y6: ='IV Computed'!Z8 -> 272.69 | Z6: ='IV Computed'!Z8*'IV Computed'!Y8 -> 109.076 | AA6: ='IV Computed'!AB8 -> 294.64 | AB6: ='IV Computed'!AB8*'IV Computed'!AA8 -> 117.856 | AC6: ='IV Computed'!AD8 -> 318.03 | AD6: ='IV Computed'!AD8*'IV Computed'!AC8 -> 127.212 | AE6: ='IV Computed'!AF8 -> 340.24 | AF6: ='IV Computed'!AF8*'IV Computed'!AE8 -> 136.096 | AG6: ='IV Computed'!AH8 -> 363.23 | AH6: ='IV Computed'!AH8*'IV Computed'!AG8 -> 145.292 | AI6: ='IV Computed'!AJ8 -> 385.44 | AJ6: ='IV Computed'!AJ8*'IV Computed'!AI8 -> 154.176 | AK6: ='IV Computed'!AL8 -> 407.51 | AL6: ='IV Computed'!AL8*'IV Computed'!AK8 -> 163.004 | AM6: ='IV Computed'!AN8 -> 426.69 | AN6: ='IV Computed'!AN8*'IV Computed'!AM8 -> 170.676 | AO6: ='IV Computed'!AP8 -> 441.37 | AP6: ='IV Computed'!AP8*'IV Computed'!AO8 -> 176.548 | AQ6: ='IV Computed'!AR8 -> 450.31 | AR6: ='IV Computed'!AR8*'IV Computed'!AQ8 -> 180.124 | AS6: ='IV Computed'!AT8 -> 457.12 | AT6: ='IV Computed'!AT8*'IV Computed'!AS8 -> 182.848 | AU6: ='IV Computed'!AV8 -> 462.07 | AV6: ='IV Computed'!AV8*'IV Computed'!AU8 -> 184.828 | AW6: ='IV Computed'!AX8 -> 466.43 | AX6: ='IV Computed'!AX8*'IV Computed'!AW8 -> 186.572 | AY6: ='IV Computed'!AZ8 -> 471.03 | AZ6: ='IV Computed'!AZ8*'IV Computed'!AY8 -> 188.412 | BC6: 3.5 | BD6: 41.87 | BE6: =MAX(F2:F548) -> 154.919
A7: ='IV Computed'!B9 -> 44.68 | B7: ='IV Computed'!B9*'IV Computed'!A9 -> 22.34 | C7: ='IV Computed'!D9 -> 60.27 | D7: ='IV Computed'!D9*'IV Computed'!C9 -> 30.135 | E7: ='IV Computed'!F9 -> 78.08 | F7: ='IV Computed'!F9*'IV Computed'!E9 -> 39.04 | G7: ='IV Computed'!H9 -> 95.76 | H7: ='IV Computed'!H9*'IV Computed'!G9 -> 47.88 | I7: ='IV Computed'!J9 -> 112.83 | J7: ='IV Computed'!J9*'IV Computed'!I9 -> 56.415 | K7: ='IV Computed'!L9 -> 130.76 | L7: ='IV Computed'!L9*'IV Computed'!K9 -> 65.38 | M7: ='IV Computed'!N9 -> 149.24 | N7: ='IV Computed'!N9*'IV Computed'!M9 -> 74.62 | O7: ='IV Computed'!P9 -> 168.2 | P7: ='IV Computed'!P9*'IV Computed'!O9 -> 84.1 | Q7: ='IV Computed'!R9 -> 187.99 | R7: ='IV Computed'!R9*'IV Computed'!Q9 -> 93.995 | S7: ='IV Computed'!T9 -> 207.51 | T7: ='IV Computed'!T9*'IV Computed'!S9 -> 103.755 | U7: ='IV Computed'!V9 -> 228 | V7: ='IV Computed'!V9*'IV Computed'!U9 -> 114 | W7: ='IV Computed'!X9 -> 250.02 | X7: ='IV Computed'!X9*'IV Computed'!W9 -> 125.01 | Y7: ='IV Computed'!Z9 -> 271.83 | Z7: ='IV Computed'!Z9*'IV Computed'!Y9 -> 135.915 | AA7: ='IV Computed'!AB9 -> 293.79 | AB7: ='IV Computed'!AB9*'IV Computed'!AA9 -> 146.895 | AC7: ='IV Computed'!AD9 -> 317.18 | AD7: ='IV Computed'!AD9*'IV Computed'!AC9 -> 158.59 | AE7: ='IV Computed'!AF9 -> 339.39 | AF7: ='IV Computed'!AF9*'IV Computed'!AE9 -> 169.695 | AG7: ='IV Computed'!AH9 -> 362.39 | AH7: ='IV Computed'!AH9*'IV Computed'!AG9 -> 181.195 | AI7: ='IV Computed'!AJ9 -> 384.59 | AJ7: ='IV Computed'!AJ9*'IV Computed'!AI9 -> 192.295 | AK7: ='IV Computed'!AL9 -> 406.66 | AL7: ='IV Computed'!AL9*'IV Computed'!AK9 -> 203.33 | AM7: ='IV Computed'!AN9 -> 425.84 | AN7: ='IV Computed'!AN9*'IV Computed'!AM9 -> 212.92 | AO7: ='IV Computed'!AP9 -> 440.53 | AP7: ='IV Computed'!AP9*'IV Computed'!AO9 -> 220.265 | AQ7: ='IV Computed'!AR9 -> 449.47 | AR7: ='IV Computed'!AR9*'IV Computed'!AQ9 -> 224.735 | AS7: ='IV Computed'!AT9 -> 456.26 | AT7: ='IV Computed'!AT9*'IV Computed'!AS9 -> 228.13 | AU7: ='IV Computed'!AV9 -> 461.21 | AV7: ='IV Computed'!AV9*'IV Computed'!AU9 -> 230.605 | AW7: ='IV Computed'!AX9 -> 465.57 | AX7: ='IV Computed'!AX9*'IV Computed'!AW9 -> 232.785 | AY7: ='IV Computed'!AZ9 -> 470.16 | AZ7: ='IV Computed'!AZ9*'IV Computed'!AY9 -> 235.08 | BC7: 4 | BD7: 50.46 | BE7: =MAX(H2:H548) -> 247.254
A8: ='IV Computed'!B10 -> 42.96 | B8: ='IV Computed'!B10*'IV Computed'!A10 -> 25.776 | C8: ='IV Computed'!D10 -> 58.9 | D8: ='IV Computed'!D10*'IV Computed'!C10 -> 35.34 | E8: ='IV Computed'!F10 -> 76.95 | F8: ='IV Computed'!F10*'IV Computed'!E10 -> 46.17 | G8: ='IV Computed'!H10 -> 94.73 | H8: ='IV Computed'!H10*'IV Computed'!G10 -> 56.838 | I8: ='IV Computed'!J10 -> 111.84 | J8: ='IV Computed'!J10*'IV Computed'!I10 -> 67.104 | K8: ='IV Computed'!L10 -> 129.8 | L8: ='IV Computed'!L10*'IV Computed'!K10 -> 77.88 | M8: ='IV Computed'!N10 -> 148.31 | N8: ='IV Computed'!N10*'IV Computed'!M10 -> 88.986 | O8: ='IV Computed'!P10 -> 167.29 | P8: ='IV Computed'!P10*'IV Computed'!O10 -> 100.374 | Q8: ='IV Computed'!R10 -> 187.1 | R8: ='IV Computed'!R10*'IV Computed'!Q10 -> 112.26 | S8: ='IV Computed'!T10 -> 206.62 | T8: ='IV Computed'!T10*'IV Computed'!S10 -> 123.972 | U8: ='IV Computed'!V10 -> 227.12 | V8: ='IV Computed'!V10*'IV Computed'!U10 -> 136.272 | W8: ='IV Computed'!X10 -> 249.15 | X8: ='IV Computed'!X10*'IV Computed'!W10 -> 149.49 | Y8: ='IV Computed'!Z10 -> 270.97 | Z8: ='IV Computed'!Z10*'IV Computed'!Y10 -> 162.582 | AA8: ='IV Computed'!AB10 -> 292.93 | AB8: ='IV Computed'!AB10*'IV Computed'!AA10 -> 175.758 | AC8: ='IV Computed'!AD10 -> 316.32 | AD8: ='IV Computed'!AD10*'IV Computed'!AC10 -> 189.792 | AE8: ='IV Computed'!AF10 -> 338.54 | AF8: ='IV Computed'!AF10*'IV Computed'!AE10 -> 203.124 | AG8: ='IV Computed'!AH10 -> 361.54 | AH8: ='IV Computed'!AH10*'IV Computed'!AG10 -> 216.924 | AI8: ='IV Computed'!AJ10 -> 383.75 | AJ8: ='IV Computed'!AJ10*'IV Computed'!AI10 -> 230.25 | AK8: ='IV Computed'!AL10 -> 405.82 | AL8: ='IV Computed'!AL10*'IV Computed'!AK10 -> 243.492 | AM8: ='IV Computed'!AN10 -> 425 | AN8: ='IV Computed'!AN10*'IV Computed'!AM10 -> 255 | AO8: ='IV Computed'!AP10 -> 439.69 | AP8: ='IV Computed'!AP10*'IV Computed'!AO10 -> 263.814 | AQ8: ='IV Computed'!AR10 -> 448.62 | AR8: ='IV Computed'!AR10*'IV Computed'!AQ10 -> 269.172 | AS8: ='IV Computed'!AT10 -> 455.41 | AT8: ='IV Computed'!AT10*'IV Computed'!AS10 -> 273.246 | AU8: ='IV Computed'!AV10 -> 460.36 | AV8: ='IV Computed'!AV10*'IV Computed'!AU10 -> 276.216 | AW8: ='IV Computed'!AX10 -> 464.71 | AX8: ='IV Computed'!AX10*'IV Computed'!AW10 -> 278.826 | AY8: ='IV Computed'!AZ10 -> 469.3 | AZ8: ='IV Computed'!AZ10*'IV Computed'!AY10 -> 281.58 | BC8: 4.5 | BD8: 58.4 | BE8: =MAX(J2:J548) -> 350.4
A9: ='IV Computed'!B11 -> 41.24 | B9: ='IV Computed'!B11*'IV Computed'!A11 -> 28.868 | C9: ='IV Computed'!D11 -> 57.53 | D9: ='IV Computed'!D11*'IV Computed'!C11 -> 40.271 | E9: ='IV Computed'!F11 -> 75.82 | F9: ='IV Computed'!F11*'IV Computed'!E11 -> 53.074 | G9: ='IV Computed'!H11 -> 93.7 | H9: ='IV Computed'!H11*'IV Computed'!G11 -> 65.59 | I9: ='IV Computed'!J11 -> 110.85 | J9: ='IV Computed'!J11*'IV Computed'!I11 -> 77.595 | K9: ='IV Computed'!L11 -> 128.85 | L9: ='IV Computed'!L11*'IV Computed'!K11 -> 90.195 | M9: ='IV Computed'!N11 -> 147.38 | N9: ='IV Computed'!N11*'IV Computed'!M11 -> 103.166 | O9: ='IV Computed'!P11 -> 166.39 | P9: ='IV Computed'!P11*'IV Computed'!O11 -> 116.473 | Q9: ='IV Computed'!R11 -> 186.2 | R9: ='IV Computed'!R11*'IV Computed'!Q11 -> 130.34 | S9: ='IV Computed'!T11 -> 205.73 | T9: ='IV Computed'!T11*'IV Computed'!S11 -> 144.011 | U9: ='IV Computed'!V11 -> 226.24 | V9: ='IV Computed'!V11*'IV Computed'!U11 -> 158.368 | W9: ='IV Computed'!X11 -> 248.28 | X9: ='IV Computed'!X11*'IV Computed'!W11 -> 173.796 | Y9: ='IV Computed'!Z11 -> 270.11 | Z9: ='IV Computed'!Z11*'IV Computed'!Y11 -> 189.077 | AA9: ='IV Computed'!AB11 -> 292.07 | AB9: ='IV Computed'!AB11*'IV Computed'!AA11 -> 204.449 | AC9: ='IV Computed'!AD11 -> 315.47 | AD9: ='IV Computed'!AD11*'IV Computed'!AC11 -> 220.829 | AE9: ='IV Computed'!AF11 -> 337.69 | AF9: ='IV Computed'!AF11*'IV Computed'!AE11 -> 236.383 | AG9: ='IV Computed'!AH11 -> 360.69 | AH9: ='IV Computed'!AH11*'IV Computed'!AG11 -> 252.483 | AI9: ='IV Computed'!AJ11 -> 382.9 | AJ9: ='IV Computed'!AJ11*'IV Computed'!AI11 -> 268.03 | AK9: ='IV Computed'!AL11 -> 404.97 | AL9: ='IV Computed'!AL11*'IV Computed'!AK11 -> 283.479 | AM9: ='IV Computed'!AN11 -> 424.16 | AN9: ='IV Computed'!AN11*'IV Computed'!AM11 -> 296.912 | AO9: ='IV Computed'!AP11 -> 438.84 | AP9: ='IV Computed'!AP11*'IV Computed'!AO11 -> 307.188 | AQ9: ='IV Computed'!AR11 -> 447.77 | AR9: ='IV Computed'!AR11*'IV Computed'!AQ11 -> 313.439 | AS9: ='IV Computed'!AT11 -> 454.56 | AT9: ='IV Computed'!AT11*'IV Computed'!AS11 -> 318.192 | AU9: ='IV Computed'!AV11 -> 459.5 | AV9: ='IV Computed'!AV11*'IV Computed'!AU11 -> 321.65 | AW9: ='IV Computed'!AX11 -> 463.84 | AX9: ='IV Computed'!AX11*'IV Computed'!AW11 -> 324.688 | AY9: ='IV Computed'!AZ11 -> 468.43 | AZ9: ='IV Computed'!AZ11*'IV Computed'!AY11 -> 327.901 | BC9: 5 | BD9: 67.76 | BE9: =MAX(L2:L548) -> 481.096
A10: ='IV Computed'!B12 -> 39.52 | B10: ='IV Computed'!B12*'IV Computed'!A12 -> 31.616 | C10: ='IV Computed'!D12 -> 56.16 | D10: ='IV Computed'!D12*'IV Computed'!C12 -> 44.928 | E10: ='IV Computed'!F12 -> 74.69 | F10: ='IV Computed'!F12*'IV Computed'!E12 -> 59.752 | G10: ='IV Computed'!H12 -> 92.67 | H10: ='IV Computed'!H12*'IV Computed'!G12 -> 74.136 | I10: ='IV Computed'!J12 -> 109.86 | J10: ='IV Computed'!J12*'IV Computed'!I12 -> 87.888 | K10: ='IV Computed'!L12 -> 127.89 | L10: ='IV Computed'!L12*'IV Computed'!K12 -> 102.312 | M10: ='IV Computed'!N12 -> 146.45 | N10: ='IV Computed'!N12*'IV Computed'!M12 -> 117.16 | O10: ='IV Computed'!P12 -> 165.48 | P10: ='IV Computed'!P12*'IV Computed'!O12 -> 132.384 | Q10: ='IV Computed'!R12 -> 185.31 | R10: ='IV Computed'!R12*'IV Computed'!Q12 -> 148.248 | S10: ='IV Computed'!T12 -> 204.85 | T10: ='IV Computed'!T12*'IV Computed'!S12 -> 163.88 | U10: ='IV Computed'!V12 -> 225.36 | V10: ='IV Computed'!V12*'IV Computed'!U12 -> 180.288 | W10: ='IV Computed'!X12 -> 247.42 | X10: ='IV Computed'!X12*'IV Computed'!W12 -> 197.936 | Y10: ='IV Computed'!Z12 -> 269.25 | Z10: ='IV Computed'!Z12*'IV Computed'!Y12 -> 215.4 | AA10: ='IV Computed'!AB12 -> 291.22 | AB10: ='IV Computed'!AB12*'IV Computed'!AA12 -> 232.976 | AC10: ='IV Computed'!AD12 -> 314.62 | AD10: ='IV Computed'!AD12*'IV Computed'!AC12 -> 251.696 | AE10: ='IV Computed'!AF12 -> 336.84 | AF10: ='IV Computed'!AF12*'IV Computed'!AE12 -> 269.472 | AG10: ='IV Computed'!AH12 -> 359.85 | AH10: ='IV Computed'!AH12*'IV Computed'!AG12 -> 287.88 | AI10: ='IV Computed'!AJ12 -> 382.06 | AJ10: ='IV Computed'!AJ12*'IV Computed'!AI12 -> 305.648 | AK10: ='IV Computed'!AL12 -> 404.13 | AL10: ='IV Computed'!AL12*'IV Computed'!AK12 -> 323.304 | AM10: ='IV Computed'!AN12 -> 423.31 | AN10: ='IV Computed'!AN12*'IV Computed'!AM12 -> 338.648 | AO10: ='IV Computed'!AP12 -> 438 | AP10: ='IV Computed'!AP12*'IV Computed'!AO12 -> 350.4 | AQ10: ='IV Computed'!AR12 -> 446.93 | AR10: ='IV Computed'!AR12*'IV Computed'!AQ12 -> 357.544 | AS10: ='IV Computed'!AT12 -> 453.71 | AT10: ='IV Computed'!AT12*'IV Computed'!AS12 -> 362.968 | AU10: ='IV Computed'!AV12 -> 458.64 | AV10: ='IV Computed'!AV12*'IV Computed'!AU12 -> 366.912 | AW10: ='IV Computed'!AX12 -> 462.98 | AX10: ='IV Computed'!AX12*'IV Computed'!AW12 -> 370.384 | AY10: ='IV Computed'!AZ12 -> 467.56 | AZ10: ='IV Computed'!AZ12*'IV Computed'!AY12 -> 374.048 | BC10: 5.5 | BD10: 76.94 | BE10: =MAX(N2:N548) -> 638.602
A11: ='IV Computed'!B13 -> 37.8 | B11: ='IV Computed'!B13*'IV Computed'!A13 -> 34.02 | C11: ='IV Computed'!D13 -> 54.79 | D11: ='IV Computed'!D13*'IV Computed'!C13 -> 49.311 | E11: ='IV Computed'!F13 -> 73.56 | F11: ='IV Computed'!F13*'IV Computed'!E13 -> 66.204 | G11: ='IV Computed'!H13 -> 91.64 | H11: ='IV Computed'!H13*'IV Computed'!G13 -> 82.476 | I11: ='IV Computed'!J13 -> 108.87 | J11: ='IV Computed'!J13*'IV Computed'!I13 -> 97.983 | K11: ='IV Computed'!L13 -> 126.94 | L11: ='IV Computed'!L13*'IV Computed'!K13 -> 114.246 | M11: ='IV Computed'!N13 -> 145.53 | N11: ='IV Computed'!N13*'IV Computed'!M13 -> 130.977 | O11: ='IV Computed'!P13 -> 164.57 | P11: ='IV Computed'!P13*'IV Computed'!O13 -> 148.113 | Q11: ='IV Computed'!R13 -> 184.41 | R11: ='IV Computed'!R13*'IV Computed'!Q13 -> 165.969 | S11: ='IV Computed'!T13 -> 203.96 | T11: ='IV Computed'!T13*'IV Computed'!S13 -> 183.564 | U11: ='IV Computed'!V13 -> 224.49 | V11: ='IV Computed'!V13*'IV Computed'!U13 -> 202.041 | W11: ='IV Computed'!X13 -> 246.55 | X11: ='IV Computed'!X13*'IV Computed'!W13 -> 221.895 | Y11: ='IV Computed'!Z13 -> 268.39 | Z11: ='IV Computed'!Z13*'IV Computed'!Y13 -> 241.551 | AA11: ='IV Computed'!AB13 -> 290.36 | AB11: ='IV Computed'!AB13*'IV Computed'!AA13 -> 261.324 | AC11: ='IV Computed'!AD13 -> 313.77 | AD11: ='IV Computed'!AD13*'IV Computed'!AC13 -> 282.393 | AE11: ='IV Computed'!AF13 -> 335.99 | AF11: ='IV Computed'!AF13*'IV Computed'!AE13 -> 302.391 | AG11: ='IV Computed'!AH13 -> 359 | AH11: ='IV Computed'!AH13*'IV Computed'!AG13 -> 323.1 | AI11: ='IV Computed'!AJ13 -> 381.21 | AJ11: ='IV Computed'!AJ13*'IV Computed'!AI13 -> 343.089 | AK11: ='IV Computed'!AL13 -> 403.29 | AL11: ='IV Computed'!AL13*'IV Computed'!AK13 -> 362.961 | AM11: ='IV Computed'!AN13 -> 422.47 | AN11: ='IV Computed'!AN13*'IV Computed'!AM13 -> 380.223 | AO11: ='IV Computed'!AP13 -> 437.15 | AP11: ='IV Computed'!AP13*'IV Computed'!AO13 -> 393.435 | AQ11: ='IV Computed'!AR13 -> 446.08 | AR11: ='IV Computed'!AR13*'IV Computed'!AQ13 -> 401.472 | AS11: ='IV Computed'!AT13 -> 452.86 | AT11: ='IV Computed'!AT13*'IV Computed'!AS13 -> 407.574 | AU11: ='IV Computed'!AV13 -> 457.79 | AV11: ='IV Computed'!AV13*'IV Computed'!AU13 -> 412.011 | AW11: ='IV Computed'!AX13 -> 462.12 | AX11: ='IV Computed'!AX13*'IV Computed'!AW13 -> 415.908 | AY11: ='IV Computed'!AZ13 -> 466.69 | AZ11: ='IV Computed'!AZ13*'IV Computed'!AY13 -> 420.021 | BC11: 6 | BD11: 86.37 | BE11: =MAX(P2:P548) -> 820.515
A12: ='IV Computed'!B14 -> 36.09 | B12: ='IV Computed'!B14*'IV Computed'!A14 -> 36.09 | C12: ='IV Computed'!D14 -> 53.42 | D12: ='IV Computed'!D14*'IV Computed'!C14 -> 53.42 | E12: ='IV Computed'!F14 -> 72.42 | F12: ='IV Computed'!F14*'IV Computed'!E14 -> 72.42 | G12: ='IV Computed'!H14 -> 90.61 | H12: ='IV Computed'!H14*'IV Computed'!G14 -> 90.61 | I12: ='IV Computed'!J14 -> 107.88 | J12: ='IV Computed'!J14*'IV Computed'!I14 -> 107.88 | K12: ='IV Computed'!L14 -> 125.99 | L12: ='IV Computed'!L14*'IV Computed'!K14 -> 125.99 | M12: ='IV Computed'!N14 -> 144.6 | N12: ='IV Computed'!N14*'IV Computed'!M14 -> 144.6 | O12: ='IV Computed'!P14 -> 163.66 | P12: ='IV Computed'!P14*'IV Computed'!O14 -> 163.66 | Q12: ='IV Computed'!R14 -> 183.52 | R12: ='IV Computed'!R14*'IV Computed'!Q14 -> 183.52 | S12: ='IV Computed'!T14 -> 203.07 | T12: ='IV Computed'!T14*'IV Computed'!S14 -> 203.07 | U12: ='IV Computed'!V14 -> 223.61 | V12: ='IV Computed'!V14*'IV Computed'!U14 -> 223.61 | W12: ='IV Computed'!X14 -> 245.68 | X12: ='IV Computed'!X14*'IV Computed'!W14 -> 245.68 | Y12: ='IV Computed'!Z14 -> 267.53 | Z12: ='IV Computed'!Z14*'IV Computed'!Y14 -> 267.53 | AA12: ='IV Computed'!AB14 -> 289.5 | AB12: ='IV Computed'!AB14*'IV Computed'!AA14 -> 289.5 | AC12: ='IV Computed'!AD14 -> 312.91 | AD12: ='IV Computed'!AD14*'IV Computed'!AC14 -> 312.91 | AE12: ='IV Computed'!AF14 -> 335.15 | AF12: ='IV Computed'!AF14*'IV Computed'!AE14 -> 335.15 | AG12: ='IV Computed'!AH14 -> 358.15 | AH12: ='IV Computed'!AH14*'IV Computed'!AG14 -> 358.15 | AI12: ='IV Computed'!AJ14 -> 380.37 | AJ12: ='IV Computed'!AJ14*'IV Computed'!AI14 -> 380.37 | AK12: ='IV Computed'!AL14 -> 402.44 | AL12: ='IV Computed'!AL14*'IV Computed'!AK14 -> 402.44 | AM12: ='IV Computed'!AN14 -> 421.63 | AN12: ='IV Computed'!AN14*'IV Computed'!AM14 -> 421.63 | AO12: ='IV Computed'!AP14 -> 436.31 | AP12: ='IV Computed'!AP14*'IV Computed'!AO14 -> 436.31 | AQ12: ='IV Computed'!AR14 -> 445.24 | AR12: ='IV Computed'!AR14*'IV Computed'!AQ14 -> 445.24 | AS12: ='IV Computed'!AT14 -> 452.01 | AT12: ='IV Computed'!AT14*'IV Computed'!AS14 -> 452.01 | AU12: ='IV Computed'!AV14 -> 456.93 | AV12: ='IV Computed'!AV14*'IV Computed'!AU14 -> 456.93 | AW12: ='IV Computed'!AX14 -> 461.26 | AX12: ='IV Computed'!AX14*'IV Computed'!AW14 -> 461.26 | AY12: ='IV Computed'!AZ14 -> 465.82 | AZ12: ='IV Computed'!AZ14*'IV Computed'!AY14 -> 465.82 | BC12: 6.5 | BD12: 95.79 | BE12: =MAX(R2:R548) -> 1034.532
A13: ='IV Computed'!B15 -> 34.37 | B13: ='IV Computed'!B15*'IV Computed'!A15 -> 37.807 | C13: ='IV Computed'!D15 -> 52.05 | D13: ='IV Computed'!D15*'IV Computed'!C15 -> 57.255 | E13: ='IV Computed'!F15 -> 71.29 | F13: ='IV Computed'!F15*'IV Computed'!E15 -> 78.419 | G13: ='IV Computed'!H15 -> 89.58 | H13: ='IV Computed'!H15*'IV Computed'!G15 -> 98.538 | I13: ='IV Computed'!J15 -> 106.89 | J13: ='IV Computed'!J15*'IV Computed'!I15 -> 117.579 | K13: ='IV Computed'!L15 -> 125.03 | L13: ='IV Computed'!L15*'IV Computed'!K15 -> 137.533 | M13: ='IV Computed'!N15 -> 143.67 | N13: ='IV Computed'!N15*'IV Computed'!M15 -> 158.037 | O13: ='IV Computed'!P15 -> 162.75 | P13: ='IV Computed'!P15*'IV Computed'!O15 -> 179.025 | Q13: ='IV Computed'!R15 -> 182.62 | R13: ='IV Computed'!R15*'IV Computed'!Q15 -> 200.882 | S13: ='IV Computed'!T15 -> 202.19 | T13: ='IV Computed'!T15*'IV Computed'!S15 -> 222.409 | U13: ='IV Computed'!V15 -> 222.73 | V13: ='IV Computed'!V15*'IV Computed'!U15 -> 245.003 | W13: ='IV Computed'!X15 -> 244.81 | X13: ='IV Computed'!X15*'IV Computed'!W15 -> 269.291 | Y13: ='IV Computed'!Z15 -> 266.67 | Z13: ='IV Computed'!Z15*'IV Computed'!Y15 -> 293.337 | AA13: ='IV Computed'!AB15 -> 288.65 | AB13: ='IV Computed'!AB15*'IV Computed'!AA15 -> 317.515 | AC13: ='IV Computed'!AD15 -> 312.06 | AD13: ='IV Computed'!AD15*'IV Computed'!AC15 -> 343.266 | AE13: ='IV Computed'!AF15 -> 334.3 | AF13: ='IV Computed'!AF15*'IV Computed'!AE15 -> 367.73 | AG13: ='IV Computed'!AH15 -> 357.31 | AH13: ='IV Computed'!AH15*'IV Computed'!AG15 -> 393.041 | AI13: ='IV Computed'!AJ15 -> 379.52 | AJ13: ='IV Computed'!AJ15*'IV Computed'!AI15 -> 417.472 | AK13: ='IV Computed'!AL15 -> 401.6 | AL13: ='IV Computed'!AL15*'IV Computed'!AK15 -> 441.76 | AM13: ='IV Computed'!AN15 -> 420.78 | AN13: ='IV Computed'!AN15*'IV Computed'!AM15 -> 462.858 | AO13: ='IV Computed'!AP15 -> 435.47 | AP13: ='IV Computed'!AP15*'IV Computed'!AO15 -> 479.017 | AQ13: ='IV Computed'!AR15 -> 444.39 | AR13: ='IV Computed'!AR15*'IV Computed'!AQ15 -> 488.829 | AS13: ='IV Computed'!AT15 -> 451.16 | AT13: ='IV Computed'!AT15*'IV Computed'!AS15 -> 496.276 | AU13: ='IV Computed'!AV15 -> 456.08 | AV13: ='IV Computed'!AV15*'IV Computed'!AU15 -> 501.688 | AW13: ='IV Computed'!AX15 -> 460.4 | AX13: ='IV Computed'!AX15*'IV Computed'!AW15 -> 506.44 | AY13: ='IV Computed'!AZ15 -> 464.95 | AZ13: ='IV Computed'!AZ15*'IV Computed'!AY15 -> 511.445 | BC13: 7 | BD13: 105.53 | BE13: =MAX(T2:T548) -> 1266.36
A14: ='IV Computed'!B16 -> 32.65 | B14: ='IV Computed'!B16*'IV Computed'!A16 -> 39.18 | C14: ='IV Computed'!D16 -> 50.68 | D14: ='IV Computed'!D16*'IV Computed'!C16 -> 60.816 | E14: ='IV Computed'!F16 -> 70.16 | F14: ='IV Computed'!F16*'IV Computed'!E16 -> 84.192 | G14: ='IV Computed'!H16 -> 88.55 | H14: ='IV Computed'!H16*'IV Computed'!G16 -> 106.26 | I14: ='IV Computed'!J16 -> 105.9 | J14: ='IV Computed'!J16*'IV Computed'!I16 -> 127.08 | K14: ='IV Computed'!L16 -> 124.08 | L14: ='IV Computed'!L16*'IV Computed'!K16 -> 148.896 | M14: ='IV Computed'!N16 -> 142.75 | N14: ='IV Computed'!N16*'IV Computed'!M16 -> 171.3 | O14: ='IV Computed'!P16 -> 161.84 | P14: ='IV Computed'!P16*'IV Computed'!O16 -> 194.208 | Q14: ='IV Computed'!R16 -> 181.73 | R14: ='IV Computed'!R16*'IV Computed'!Q16 -> 218.076 | S14: ='IV Computed'!T16 -> 201.3 | T14: ='IV Computed'!T16*'IV Computed'!S16 -> 241.56 | U14: ='IV Computed'!V16 -> 221.86 | V14: ='IV Computed'!V16*'IV Computed'!U16 -> 266.232 | W14: ='IV Computed'!X16 -> 243.94 | X14: ='IV Computed'!X16*'IV Computed'!W16 -> 292.728 | Y14: ='IV Computed'!Z16 -> 265.81 | Z14: ='IV Computed'!Z16*'IV Computed'!Y16 -> 318.972 | AA14: ='IV Computed'!AB16 -> 287.79 | AB14: ='IV Computed'!AB16*'IV Computed'!AA16 -> 345.348 | AC14: ='IV Computed'!AD16 -> 311.21 | AD14: ='IV Computed'!AD16*'IV Computed'!AC16 -> 373.452 | AE14: ='IV Computed'!AF16 -> 333.45 | AF14: ='IV Computed'!AF16*'IV Computed'!AE16 -> 400.14 | AG14: ='IV Computed'!AH16 -> 356.46 | AH14: ='IV Computed'!AH16*'IV Computed'!AG16 -> 427.752 | AI14: ='IV Computed'!AJ16 -> 378.68 | AJ14: ='IV Computed'!AJ16*'IV Computed'!AI16 -> 454.416 | AK14: ='IV Computed'!AL16 -> 400.76 | AL14: ='IV Computed'!AL16*'IV Computed'!AK16 -> 480.912 | AM14: ='IV Computed'!AN16 -> 419.94 | AN14: ='IV Computed'!AN16*'IV Computed'!AM16 -> 503.928 | AO14: ='IV Computed'!AP16 -> 434.62 | AP14: ='IV Computed'!AP16*'IV Computed'!AO16 -> 521.544 | AQ14: ='IV Computed'!AR16 -> 443.54 | AR14: ='IV Computed'!AR16*'IV Computed'!AQ16 -> 532.248 | AS14: ='IV Computed'!AT16 -> 450.31 | AT14: ='IV Computed'!AT16*'IV Computed'!AS16 -> 540.372 | AU14: ='IV Computed'!AV16 -> 455.22 | AV14: ='IV Computed'!AV16*'IV Computed'!AU16 -> 546.264 | AW14: ='IV Computed'!AX16 -> 459.53 | AX14: ='IV Computed'!AX16*'IV Computed'!AW16 -> 551.436 | AY14: ='IV Computed'!AZ16 -> 464.08 | AZ14: ='IV Computed'!AZ16*'IV Computed'!AY16 -> 556.896 | BC14: 7.5 | BD14: 116.63 | BE14: =MAX(V2:V548) -> 1539.516
A15: ='IV Computed'!B17 -> 30.93 | B15: ='IV Computed'!B17*'IV Computed'!A17 -> 40.209 | C15: ='IV Computed'!D17 -> 49.31 | D15: ='IV Computed'!D17*'IV Computed'!C17 -> 64.103 | E15: ='IV Computed'!F17 -> 69.03 | F15: ='IV Computed'!F17*'IV Computed'!E17 -> 89.739 | G15: ='IV Computed'!H17 -> 87.52 | H15: ='IV Computed'!H17*'IV Computed'!G17 -> 113.776 | I15: ='IV Computed'!J17 -> 104.91 | J15: ='IV Computed'!J17*'IV Computed'!I17 -> 136.383 | K15: ='IV Computed'!L17 -> 123.12 | L15: ='IV Computed'!L17*'IV Computed'!K17 -> 160.056 | M15: ='IV Computed'!N17 -> 141.82 | N15: ='IV Computed'!N17*'IV Computed'!M17 -> 184.366 | O15: ='IV Computed'!P17 -> 160.93 | P15: ='IV Computed'!P17*'IV Computed'!O17 -> 209.209 | Q15: ='IV Computed'!R17 -> 180.83 | R15: ='IV Computed'!R17*'IV Computed'!Q17 -> 235.079 | S15: ='IV Computed'!T17 -> 200.41 | T15: ='IV Computed'!T17*'IV Computed'!S17 -> 260.533 | U15: ='IV Computed'!V17 -> 220.98 | V15: ='IV Computed'!V17*'IV Computed'!U17 -> 287.274 | W15: ='IV Computed'!X17 -> 243.07 | X15: ='IV Computed'!X17*'IV Computed'!W17 -> 315.991 | Y15: ='IV Computed'!Z17 -> 264.95 | Z15: ='IV Computed'!Z17*'IV Computed'!Y17 -> 344.435 | AA15: ='IV Computed'!AB17 -> 286.94 | AB15: ='IV Computed'!AB17*'IV Computed'!AA17 -> 373.022 | AC15: ='IV Computed'!AD17 -> 310.36 | AD15: ='IV Computed'!AD17*'IV Computed'!AC17 -> 403.468 | AE15: ='IV Computed'!AF17 -> 332.6 | AF15: ='IV Computed'!AF17*'IV Computed'!AE17 -> 432.38 | AG15: ='IV Computed'!AH17 -> 355.61 | AH15: ='IV Computed'!AH17*'IV Computed'!AG17 -> 462.293 | AI15: ='IV Computed'!AJ17 -> 377.83 | AJ15: ='IV Computed'!AJ17*'IV Computed'!AI17 -> 491.179 | AK15: ='IV Computed'!AL17 -> 399.91 | AL15: ='IV Computed'!AL17*'IV Computed'!AK17 -> 519.883 | AM15: ='IV Computed'!AN17 -> 419.1 | AN15: ='IV Computed'!AN17*'IV Computed'!AM17 -> 544.83 | AO15: ='IV Computed'!AP17 -> 433.78 | AP15: ='IV Computed'!AP17*'IV Computed'!AO17 -> 563.914 | AQ15: ='IV Computed'!AR17 -> 442.7 | AR15: ='IV Computed'!AR17*'IV Computed'!AQ17 -> 575.51 | AS15: ='IV Computed'!AT17 -> 449.45 | AT15: ='IV Computed'!AT17*'IV Computed'!AS17 -> 584.285 | AU15: ='IV Computed'!AV17 -> 454.37 | AV15: ='IV Computed'!AV17*'IV Computed'!AU17 -> 590.681 | AW15: ='IV Computed'!AX17 -> 458.67 | AX15: ='IV Computed'!AX17*'IV Computed'!AW17 -> 596.271 | AY15: ='IV Computed'!AZ17 -> 463.21 | AZ15: ='IV Computed'!AZ17*'IV Computed'!AY17 -> 602.173 | BC15: 8 | BD15: 126.75 | BE15: =MAX(X2:X548) -> 1863.225
A16: ='IV Computed'!B18 -> 29.21 | B16: ='IV Computed'!B18*'IV Computed'!A18 -> 40.894 | C16: ='IV Computed'!D18 -> 47.94 | D16: ='IV Computed'!D18*'IV Computed'!C18 -> 67.116 | E16: ='IV Computed'!F18 -> 67.9 | F16: ='IV Computed'!F18*'IV Computed'!E18 -> 95.06 | G16: ='IV Computed'!H18 -> 86.49 | H16: ='IV Computed'!H18*'IV Computed'!G18 -> 121.086 | I16: ='IV Computed'!J18 -> 103.92 | J16: ='IV Computed'!J18*'IV Computed'!I18 -> 145.488 | K16: ='IV Computed'!L18 -> 122.17 | L16: ='IV Computed'!L18*'IV Computed'!K18 -> 171.038 | M16: ='IV Computed'!N18 -> 140.89 | N16: ='IV Computed'!N18*'IV Computed'!M18 -> 197.246 | O16: ='IV Computed'!P18 -> 160.02 | P16: ='IV Computed'!P18*'IV Computed'!O18 -> 224.028 | Q16: ='IV Computed'!R18 -> 179.94 | R16: ='IV Computed'!R18*'IV Computed'!Q18 -> 251.916 | S16: ='IV Computed'!T18 -> 199.53 | T16: ='IV Computed'!T18*'IV Computed'!S18 -> 279.342 | U16: ='IV Computed'!V18 -> 220.1 | V16: ='IV Computed'!V18*'IV Computed'!U18 -> 308.14 | W16: ='IV Computed'!X18 -> 242.21 | X16: ='IV Computed'!X18*'IV Computed'!W18 -> 339.094 | Y16: ='IV Computed'!Z18 -> 264.09 | Z16: ='IV Computed'!Z18*'IV Computed'!Y18 -> 369.726 | AA16: ='IV Computed'!AB18 -> 286.08 | AB16: ='IV Computed'!AB18*'IV Computed'!AA18 -> 400.512 | AC16: ='IV Computed'!AD18 -> 309.5 | AD16: ='IV Computed'!AD18*'IV Computed'!AC18 -> 433.3 | AE16: ='IV Computed'!AF18 -> 331.75 | AF16: ='IV Computed'!AF18*'IV Computed'!AE18 -> 464.45 | AG16: ='IV Computed'!AH18 -> 354.77 | AH16: ='IV Computed'!AH18*'IV Computed'!AG18 -> 496.678 | AI16: ='IV Computed'!AJ18 -> 376.99 | AJ16: ='IV Computed'!AJ18*'IV Computed'!AI18 -> 527.786 | AK16: ='IV Computed'!AL18 -> 399.07 | AL16: ='IV Computed'!AL18*'IV Computed'!AK18 -> 558.698 | AM16: ='IV Computed'!AN18 -> 418.25 | AN16: ='IV Computed'!AN18*'IV Computed'!AM18 -> 585.55 | AO16: ='IV Computed'!AP18 -> 432.94 | AP16: ='IV Computed'!AP18*'IV Computed'!AO18 -> 606.116 | AQ16: ='IV Computed'!AR18 -> 441.85 | AR16: ='IV Computed'!AR18*'IV Computed'!AQ18 -> 618.59 | AS16: ='IV Computed'!AT18 -> 448.6 | AT16: ='IV Computed'!AT18*'IV Computed'!AS18 -> 628.04 | AU16: ='IV Computed'!AV18 -> 453.51 | AV16: ='IV Computed'!AV18*'IV Computed'!AU18 -> 634.914 | AW16: ='IV Computed'!AX18 -> 457.81 | AX16: ='IV Computed'!AX18*'IV Computed'!AW18 -> 640.934 | AY16: ='IV Computed'!AZ18 -> 462.34 | AZ16: ='IV Computed'!AZ18*'IV Computed'!AY18 -> 647.276 | BC16: 8.5 | BD16: 138.5 | BE16: =MAX(Z2:Z548) -> 2216
A17: ='IV Computed'!B19 -> 27.49 | B17: ='IV Computed'!B19*'IV Computed'!A19 -> 41.235 | C17: ='IV Computed'!D19 -> 46.57 | D17: ='IV Computed'!D19*'IV Computed'!C19 -> 69.855 | E17: ='IV Computed'!F19 -> 66.77 | F17: ='IV Computed'!F19*'IV Computed'!E19 -> 100.155 | G17: ='IV Computed'!H19 -> 85.46 | H17: ='IV Computed'!H19*'IV Computed'!G19 -> 128.19 | I17: ='IV Computed'!J19 -> 102.93 | J17: ='IV Computed'!J19*'IV Computed'!I19 -> 154.395 | K17: ='IV Computed'!L19 -> 121.21 | L17: ='IV Computed'!L19*'IV Computed'!K19 -> 181.815 | M17: ='IV Computed'!N19 -> 139.97 | N17: ='IV Computed'!N19*'IV Computed'!M19 -> 209.955 | O17: ='IV Computed'!P19 -> 159.11 | P17: ='IV Computed'!P19*'IV Computed'!O19 -> 238.665 | Q17: ='IV Computed'!R19 -> 179.04 | R17: ='IV Computed'!R19*'IV Computed'!Q19 -> 268.56 | S17: ='IV Computed'!T19 -> 198.64 | T17: ='IV Computed'!T19*'IV Computed'!S19 -> 297.96 | U17: ='IV Computed'!V19 -> 219.23 | V17: ='IV Computed'!V19*'IV Computed'!U19 -> 328.845 | W17: ='IV Computed'!X19 -> 241.34 | X17: ='IV Computed'!X19*'IV Computed'!W19 -> 362.01 | Y17: ='IV Computed'!Z19 -> 263.23 | Z17: ='IV Computed'!Z19*'IV Computed'!Y19 -> 394.845 | AA17: ='IV Computed'!AB19 -> 285.22 | AB17: ='IV Computed'!AB19*'IV Computed'!AA19 -> 427.83 | AC17: ='IV Computed'!AD19 -> 308.65 | AD17: ='IV Computed'!AD19*'IV Computed'!AC19 -> 462.975 | AE17: ='IV Computed'!AF19 -> 330.9 | AF17: ='IV Computed'!AF19*'IV Computed'!AE19 -> 496.35 | AG17: ='IV Computed'!AH19 -> 353.92 | AH17: ='IV Computed'!AH19*'IV Computed'!AG19 -> 530.88 | AI17: ='IV Computed'!AJ19 -> 376.14 | AJ17: ='IV Computed'!AJ19*'IV Computed'!AI19 -> 564.21 | AK17: ='IV Computed'!AL19 -> 398.22 | AL17: ='IV Computed'!AL19*'IV Computed'!AK19 -> 597.33 | AM17: ='IV Computed'!AN19 -> 417.41 | AN17: ='IV Computed'!AN19*'IV Computed'!AM19 -> 626.115 | AO17: ='IV Computed'!AP19 -> 432.09 | AP17: ='IV Computed'!AP19*'IV Computed'!AO19 -> 648.135 | AQ17: ='IV Computed'!AR19 -> 441 | AR17: ='IV Computed'!AR19*'IV Computed'!AQ19 -> 661.5 | AS17: ='IV Computed'!AT19 -> 447.75 | AT17: ='IV Computed'!AT19*'IV Computed'!AS19 -> 671.625 | AU17: ='IV Computed'!AV19 -> 452.65 | AV17: ='IV Computed'!AV19*'IV Computed'!AU19 -> 678.975 | AW17: ='IV Computed'!AX19 -> 456.95 | AX17: ='IV Computed'!AX19*'IV Computed'!AW19 -> 685.425 | AY17: ='IV Computed'!AZ19 -> 461.47 | AZ17: ='IV Computed'!AZ19*'IV Computed'!AY19 -> 692.205
A18: ='IV Computed'!B20 -> 25.78 | B18: ='IV Computed'!B20*'IV Computed'!A20 -> 41.248 | C18: ='IV Computed'!D20 -> 45.2 | D18: ='IV Computed'!D20*'IV Computed'!C20 -> 72.32 | E18: ='IV Computed'!F20 -> 65.63 | F18: ='IV Computed'!F20*'IV Computed'!E20 -> 105.008 | G18: ='IV Computed'!H20 -> 84.43 | H18: ='IV Computed'!H20*'IV Computed'!G20 -> 135.088 | I18: ='IV Computed'!J20 -> 101.94 | J18: ='IV Computed'!J20*'IV Computed'!I20 -> 163.104 | K18: ='IV Computed'!L20 -> 120.26 | L18: ='IV Computed'!L20*'IV Computed'!K20 -> 192.416 | M18: ='IV Computed'!N20 -> 139.04 | N18: ='IV Computed'!N20*'IV Computed'!M20 -> 222.464 | O18: ='IV Computed'!P20 -> 158.2 | P18: ='IV Computed'!P20*'IV Computed'!O20 -> 253.12 | Q18: ='IV Computed'!R20 -> 178.15 | R18: ='IV Computed'!R20*'IV Computed'!Q20 -> 285.04 | S18: ='IV Computed'!T20 -> 197.75 | T18: ='IV Computed'!T20*'IV Computed'!S20 -> 316.4 | U18: ='IV Computed'!V20 -> 218.35 | V18: ='IV Computed'!V20*'IV Computed'!U20 -> 349.36 | W18: ='IV Computed'!X20 -> 240.47 | X18: ='IV Computed'!X20*'IV Computed'!W20 -> 384.752 | Y18: ='IV Computed'!Z20 -> 262.37 | Z18: ='IV Computed'!Z20*'IV Computed'!Y20 -> 419.792 | AA18: ='IV Computed'!AB20 -> 284.37 | AB18: ='IV Computed'!AB20*'IV Computed'!AA20 -> 454.992 | AC18: ='IV Computed'!AD20 -> 307.8 | AD18: ='IV Computed'!AD20*'IV Computed'!AC20 -> 492.48 | AE18: ='IV Computed'!AF20 -> 330.05 | AF18: ='IV Computed'!AF20*'IV Computed'!AE20 -> 528.08 | AG18: ='IV Computed'!AH20 -> 353.07 | AH18: ='IV Computed'!AH20*'IV Computed'!AG20 -> 564.912 | AI18: ='IV Computed'!AJ20 -> 375.3 | AJ18: ='IV Computed'!AJ20*'IV Computed'!AI20 -> 600.48 | AK18: ='IV Computed'!AL20 -> 397.38 | AL18: ='IV Computed'!AL20*'IV Computed'!AK20 -> 635.808 | AM18: ='IV Computed'!AN20 -> 416.57 | AN18: ='IV Computed'!AN20*'IV Computed'!AM20 -> 666.512 | AO18: ='IV Computed'!AP20 -> 431.25 | AP18: ='IV Computed'!AP20*'IV Computed'!AO20 -> 690 | AQ18: ='IV Computed'!AR20 -> 440.16 | AR18: ='IV Computed'!AR20*'IV Computed'!AQ20 -> 704.256 | AS18: ='IV Computed'!AT20 -> 446.9 | AT18: ='IV Computed'!AT20*'IV Computed'!AS20 -> 715.04 | AU18: ='IV Computed'!AV20 -> 451.8 | AV18: ='IV Computed'!AV20*'IV Computed'!AU20 -> 722.88 | AW18: ='IV Computed'!AX20 -> 456.09 | AX18: ='IV Computed'!AX20*'IV Computed'!AW20 -> 729.744 | AY18: ='IV Computed'!AZ20 -> 460.6 | AZ18: ='IV Computed'!AZ20*'IV Computed'!AY20 -> 736.96
A19: ='IV Computed'!B21 -> 24.06 | B19: ='IV Computed'!B21*'IV Computed'!A21 -> 40.902 | C19: ='IV Computed'!D21 -> 43.83 | D19: ='IV Computed'!D21*'IV Computed'!C21 -> 74.511 | E19: ='IV Computed'!F21 -> 64.5 | F19: ='IV Computed'!F21*'IV Computed'!E21 -> 109.65 | G19: ='IV Computed'!H21 -> 83.41 | H19: ='IV Computed'!H21*'IV Computed'!G21 -> 141.797 | I19: ='IV Computed'!J21 -> 100.95 | J19: ='IV Computed'!J21*'IV Computed'!I21 -> 171.615 | K19: ='IV Computed'!L21 -> 119.3 | L19: ='IV Computed'!L21*'IV Computed'!K21 -> 202.81 | M19: ='IV Computed'!N21 -> 138.11 | N19: ='IV Computed'!N21*'IV Computed'!M21 -> 234.787 | O19: ='IV Computed'!P21 -> 157.29 | P19: ='IV Computed'!P21*'IV Computed'!O21 -> 267.393 | Q19: ='IV Computed'!R21 -> 177.25 | R19: ='IV Computed'!R21*'IV Computed'!Q21 -> 301.325 | S19: ='IV Computed'!T21 -> 196.86 | T19: ='IV Computed'!T21*'IV Computed'!S21 -> 334.662 | U19: ='IV Computed'!V21 -> 217.47 | V19: ='IV Computed'!V21*'IV Computed'!U21 -> 369.699 | W19: ='IV Computed'!X21 -> 239.6 | X19: ='IV Computed'!X21*'IV Computed'!W21 -> 407.32 | Y19: ='IV Computed'!Z21 -> 261.51 | Z19: ='IV Computed'!Z21*'IV Computed'!Y21 -> 444.567 | AA19: ='IV Computed'!AB21 -> 283.51 | AB19: ='IV Computed'!AB21*'IV Computed'!AA21 -> 481.967 | AC19: ='IV Computed'!AD21 -> 306.95 | AD19: ='IV Computed'!AD21*'IV Computed'!AC21 -> 521.815 | AE19: ='IV Computed'!AF21 -> 329.21 | AF19: ='IV Computed'!AF21*'IV Computed'!AE21 -> 559.657 | AG19: ='IV Computed'!AH21 -> 352.23 | AH19: ='IV Computed'!AH21*'IV Computed'!AG21 -> 598.791 | AI19: ='IV Computed'!AJ21 -> 374.45 | AJ19: ='IV Computed'!AJ21*'IV Computed'!AI21 -> 636.565 | AK19: ='IV Computed'!AL21 -> 396.54 | AL19: ='IV Computed'!AL21*'IV Computed'!AK21 -> 674.118 | AM19: ='IV Computed'!AN21 -> 415.72 | AN19: ='IV Computed'!AN21*'IV Computed'!AM21 -> 706.724 | AO19: ='IV Computed'!AP21 -> 430.4 | AP19: ='IV Computed'!AP21*'IV Computed'!AO21 -> 731.68 | AQ19: ='IV Computed'!AR21 -> 439.31 | AR19: ='IV Computed'!AR21*'IV Computed'!AQ21 -> 746.827 | AS19: ='IV Computed'!AT21 -> 446.05 | AT19: ='IV Computed'!AT21*'IV Computed'!AS21 -> 758.285 | AU19: ='IV Computed'!AV21 -> 450.94 | AV19: ='IV Computed'!AV21*'IV Computed'!AU21 -> 766.598 | AW19: ='IV Computed'!AX21 -> 455.22 | AX19: ='IV Computed'!AX21*'IV Computed'!AW21 -> 773.874 | AY19: ='IV Computed'!AZ21 -> 459.74 | AZ19: ='IV Computed'!AZ21*'IV Computed'!AY21 -> 781.558
A20: ='IV Computed'!B22 -> 22.34 | B20: ='IV Computed'!B22*'IV Computed'!A22 -> 40.212 | C20: ='IV Computed'!D22 -> 42.46 | D20: ='IV Computed'!D22*'IV Computed'!C22 -> 76.428 | E20: ='IV Computed'!F22 -> 63.37 | F20: ='IV Computed'!F22*'IV Computed'!E22 -> 114.066 | G20: ='IV Computed'!H22 -> 82.38 | H20: ='IV Computed'!H22*'IV Computed'!G22 -> 148.284 | I20: ='IV Computed'!J22 -> 99.96 | J20: ='IV Computed'!J22*'IV Computed'!I22 -> 179.928 | K20: ='IV Computed'!L22 -> 118.35 | L20: ='IV Computed'!L22*'IV Computed'!K22 -> 213.03 | M20: ='IV Computed'!N22 -> 137.19 | N20: ='IV Computed'!N22*'IV Computed'!M22 -> 246.942 | O20: ='IV Computed'!P22 -> 156.38 | P20: ='IV Computed'!P22*'IV Computed'!O22 -> 281.484 | Q20: ='IV Computed'!R22 -> 176.36 | R20: ='IV Computed'!R22*'IV Computed'!Q22 -> 317.448 | S20: ='IV Computed'!T22 -> 195.98 | T20: ='IV Computed'!T22*'IV Computed'!S22 -> 352.764 | U20: ='IV Computed'!V22 -> 216.6 | V20: ='IV Computed'!V22*'IV Computed'!U22 -> 389.88 | W20: ='IV Computed'!X22 -> 238.73 | X20: ='IV Computed'!X22*'IV Computed'!W22 -> 429.714 | Y20: ='IV Computed'!Z22 -> 260.65 | Z20: ='IV Computed'!Z22*'IV Computed'!Y22 -> 469.17 | AA20: ='IV Computed'!AB22 -> 282.65 | AB20: ='IV Computed'!AB22*'IV Computed'!AA22 -> 508.77 | AC20: ='IV Computed'!AD22 -> 306.09 | AD20: ='IV Computed'!AD22*'IV Computed'!AC22 -> 550.962 | AE20: ='IV Computed'!AF22 -> 328.36 | AF20: ='IV Computed'!AF22*'IV Computed'!AE22 -> 591.048 | AG20: ='IV Computed'!AH22 -> 351.38 | AH20: ='IV Computed'!AH22*'IV Computed'!AG22 -> 632.484 | AI20: ='IV Computed'!AJ22 -> 373.61 | AJ20: ='IV Computed'!AJ22*'IV Computed'!AI22 -> 672.498 | AK20: ='IV Computed'!AL22 -> 395.69 | AL20: ='IV Computed'!AL22*'IV Computed'!AK22 -> 712.242 | AM20: ='IV Computed'!AN22 -> 414.88 | AN20: ='IV Computed'!AN22*'IV Computed'!AM22 -> 746.784 | AO20: ='IV Computed'!AP22 -> 429.56 | AP20: ='IV Computed'!AP22*'IV Computed'!AO22 -> 773.208 | AQ20: ='IV Computed'!AR22 -> 438.46 | AR20: ='IV Computed'!AR22*'IV Computed'!AQ22 -> 789.228 | AS20: ='IV Computed'!AT22 -> 445.2 | AT20: ='IV Computed'!AT22*'IV Computed'!AS22 -> 801.36 | AU20: ='IV Computed'!AV22 -> 450.09 | AV20: ='IV Computed'!AV22*'IV Computed'!AU22 -> 810.162 | AW20: ='IV Computed'!AX22 -> 454.36 | AX20: ='IV Computed'!AX22*'IV Computed'!AW22 -> 817.848 | AY20: ='IV Computed'!AZ22 -> 458.87 | AZ20: ='IV Computed'!AZ22*'IV Computed'!AY22 -> 825.966
A21: ='IV Computed'!B23 -> 20.62 | B21: ='IV Computed'!B23*'IV Computed'!A23 -> 39.178 | C21: ='IV Computed'!D23 -> 41.09 | D21: ='IV Computed'!D23*'IV Computed'!C23 -> 78.071 | E21: ='IV Computed'!F23 -> 62.24 | F21: ='IV Computed'!F23*'IV Computed'!E23 -> 118.256 | G21: ='IV Computed'!H23 -> 81.35 | H21: ='IV Computed'!H23*'IV Computed'!G23 -> 154.565 | I21: ='IV Computed'!J23 -> 98.97 | J21: ='IV Computed'!J23*'IV Computed'!I23 -> 188.043 | K21: ='IV Computed'!L23 -> 117.4 | L21: ='IV Computed'!L23*'IV Computed'!K23 -> 223.06 | M21: ='IV Computed'!N23 -> 136.26 | N21: ='IV Computed'!N23*'IV Computed'!M23 -> 258.894 | O21: ='IV Computed'!P23 -> 155.48 | P21: ='IV Computed'!P23*'IV Computed'!O23 -> 295.412 | Q21: ='IV Computed'!R23 -> 175.46 | R21: ='IV Computed'!R23*'IV Computed'!Q23 -> 333.374 | S21: ='IV Computed'!T23 -> 195.09 | T21: ='IV Computed'!T23*'IV Computed'!S23 -> 370.671 | U21: ='IV Computed'!V23 -> 215.72 | V21: ='IV Computed'!V23*'IV Computed'!U23 -> 409.868 | W21: ='IV Computed'!X23 -> 237.87 | X21: ='IV Computed'!X23*'IV Computed'!W23 -> 451.953 | Y21: ='IV Computed'!Z23 -> 259.79 | Z21: ='IV Computed'!Z23*'IV Computed'!Y23 -> 493.601 | AA21: ='IV Computed'!AB23 -> 281.8 | AB21: ='IV Computed'!AB23*'IV Computed'!AA23 -> 535.42 | AC21: ='IV Computed'!AD23 -> 305.24 | AD21: ='IV Computed'!AD23*'IV Computed'!AC23 -> 579.956 | AE21: ='IV Computed'!AF23 -> 327.51 | AF21: ='IV Computed'!AF23*'IV Computed'!AE23 -> 622.269 | AG21: ='IV Computed'!AH23 -> 350.53 | AH21: ='IV Computed'!AH23*'IV Computed'!AG23 -> 666.007 | AI21: ='IV Computed'!AJ23 -> 372.76 | AJ21: ='IV Computed'!AJ23*'IV Computed'!AI23 -> 708.244 | AK21: ='IV Computed'!AL23 -> 394.85 | AL21: ='IV Computed'!AL23*'IV Computed'!AK23 -> 750.215 | AM21: ='IV Computed'!AN23 -> 414.04 | AN21: ='IV Computed'!AN23*'IV Computed'!AM23 -> 786.676 | AO21: ='IV Computed'!AP23 -> 428.72 | AP21: ='IV Computed'!AP23*'IV Computed'!AO23 -> 814.568 | AQ21: ='IV Computed'!AR23 -> 437.62 | AR21: ='IV Computed'!AR23*'IV Computed'!AQ23 -> 831.478 | AS21: ='IV Computed'!AT23 -> 444.35 | AT21: ='IV Computed'!AT23*'IV Computed'!AS23 -> 844.265 | AU21: ='IV Computed'!AV23 -> 449.23 | AV21: ='IV Computed'!AV23*'IV Computed'!AU23 -> 853.537 | AW21: ='IV Computed'!AX23 -> 453.5 | AX21: ='IV Computed'!AX23*'IV Computed'!AW23 -> 861.65 | AY21: ='IV Computed'!AZ23 -> 458 | AZ21: ='IV Computed'!AZ23*'IV Computed'!AY23 -> 870.2
A22: ='IV Computed'!B24 -> 18.9 | B22: ='IV Computed'!B24*'IV Computed'!A24 -> 37.8 | C22: ='IV Computed'!D24 -> 39.72 | D22: ='IV Computed'!D24*'IV Computed'!C24 -> 79.44 | E22: ='IV Computed'!F24 -> 61.11 | F22: ='IV Computed'!F24*'IV Computed'!E24 -> 122.22 | G22: ='IV Computed'!H24 -> 80.32 | H22: ='IV Computed'!H24*'IV Computed'!G24 -> 160.64 | I22: ='IV Computed'!J24 -> 97.99 | J22: ='IV Computed'!J24*'IV Computed'!I24 -> 195.98 | K22: ='IV Computed'!L24 -> 116.44 | L22: ='IV Computed'!L24*'IV Computed'!K24 -> 232.88 | M22: ='IV Computed'!N24 -> 135.33 | N22: ='IV Computed'!N24*'IV Computed'!M24 -> 270.66 | O22: ='IV Computed'!P24 -> 154.57 | P22: ='IV Computed'!P24*'IV Computed'!O24 -> 309.14 | Q22: ='IV Computed'!R24 -> 174.57 | R22: ='IV Computed'!R24*'IV Computed'!Q24 -> 349.14 | S22: ='IV Computed'!T24 -> 194.2 | T22: ='IV Computed'!T24*'IV Computed'!S24 -> 388.4 | U22: ='IV Computed'!V24 -> 214.84 | V22: ='IV Computed'!V24*'IV Computed'!U24 -> 429.68 | W22: ='IV Computed'!X24 -> 237 | X22: ='IV Computed'!X24*'IV Computed'!W24 -> 474 | Y22: ='IV Computed'!Z24 -> 258.93 | Z22: ='IV Computed'!Z24*'IV Computed'!Y24 -> 517.86 | AA22: ='IV Computed'!AB24 -> 280.94 | AB22: ='IV Computed'!AB24*'IV Computed'!AA24 -> 561.88 | AC22: ='IV Computed'!AD24 -> 304.39 | AD22: ='IV Computed'!AD24*'IV Computed'!AC24 -> 608.78 | AE22: ='IV Computed'!AF24 -> 326.66 | AF22: ='IV Computed'!AF24*'IV Computed'!AE24 -> 653.32 | AG22: ='IV Computed'!AH24 -> 349.69 | AH22: ='IV Computed'!AH24*'IV Computed'!AG24 -> 699.38 | AI22: ='IV Computed'!AJ24 -> 371.91 | AJ22: ='IV Computed'!AJ24*'IV Computed'!AI24 -> 743.82 | AK22: ='IV Computed'!AL24 -> 394.01 | AL22: ='IV Computed'!AL24*'IV Computed'!AK24 -> 788.02 | AM22: ='IV Computed'!AN24 -> 413.19 | AN22: ='IV Computed'!AN24*'IV Computed'!AM24 -> 826.38 | AO22: ='IV Computed'!AP24 -> 427.87 | AP22: ='IV Computed'!AP24*'IV Computed'!AO24 -> 855.74 | AQ22: ='IV Computed'!AR24 -> 436.77 | AR22: ='IV Computed'!AR24*'IV Computed'!AQ24 -> 873.54 | AS22: ='IV Computed'!AT24 -> 443.5 | AT22: ='IV Computed'!AT24*'IV Computed'!AS24 -> 887 | AU22: ='IV Computed'!AV24 -> 448.38 | AV22: ='IV Computed'!AV24*'IV Computed'!AU24 -> 896.76 | AW22: ='IV Computed'!AX24 -> 452.64 | AX22: ='IV Computed'!AX24*'IV Computed'!AW24 -> 905.28 | AY22: ='IV Computed'!AZ24 -> 457.13 | AZ22: ='IV Computed'!AZ24*'IV Computed'!AY24 -> 914.26
A23: ='IV Computed'!B25 -> 17.18 | B23: ='IV Computed'!B25*'IV Computed'!A25 -> 36.078 | C23: ='IV Computed'!D25 -> 38.35 | D23: ='IV Computed'!D25*'IV Computed'!C25 -> 80.535 | E23: ='IV Computed'!F25 -> 59.98 | F23: ='IV Computed'!F25*'IV Computed'!E25 -> 125.958 | G23: ='IV Computed'!H25 -> 79.29 | H23: ='IV Computed'!H25*'IV Computed'!G25 -> 166.509 | I23: ='IV Computed'!J25 -> 97 | J23: ='IV Computed'!J25*'IV Computed'!I25 -> 203.7 | K23: ='IV Computed'!L25 -> 115.49 | L23: ='IV Computed'!L25*'IV Computed'!K25 -> 242.529 | M23: ='IV Computed'!N25 -> 134.4 | N23: ='IV Computed'!N25*'IV Computed'!M25 -> 282.24 | O23: ='IV Computed'!P25 -> 153.66 | P23: ='IV Computed'!P25*'IV Computed'!O25 -> 322.686 | Q23: ='IV Computed'!R25 -> 173.67 | R23: ='IV Computed'!R25*'IV Computed'!Q25 -> 364.707 | S23: ='IV Computed'!T25 -> 193.32 | T23: ='IV Computed'!T25*'IV Computed'!S25 -> 405.972 | U23: ='IV Computed'!V25 -> 213.96 | V23: ='IV Computed'!V25*'IV Computed'!U25 -> 449.316 | W23: ='IV Computed'!X25 -> 236.13 | X23: ='IV Computed'!X25*'IV Computed'!W25 -> 495.873 | Y23: ='IV Computed'!Z25 -> 258.07 | Z23: ='IV Computed'!Z25*'IV Computed'!Y25 -> 541.947 | AA23: ='IV Computed'!AB25 -> 280.08 | AB23: ='IV Computed'!AB25*'IV Computed'!AA25 -> 588.168 | AC23: ='IV Computed'!AD25 -> 303.53 | AD23: ='IV Computed'!AD25*'IV Computed'!AC25 -> 637.413 | AE23: ='IV Computed'!AF25 -> 325.81 | AF23: ='IV Computed'!AF25*'IV Computed'!AE25 -> 684.201 | AG23: ='IV Computed'!AH25 -> 348.84 | AH23: ='IV Computed'!AH25*'IV Computed'!AG25 -> 732.564 | AI23: ='IV Computed'!AJ25 -> 371.07 | AJ23: ='IV Computed'!AJ25*'IV Computed'!AI25 -> 779.247 | AK23: ='IV Computed'!AL25 -> 393.16 | AL23: ='IV Computed'!AL25*'IV Computed'!AK25 -> 825.636 | AM23: ='IV Computed'!AN25 -> 412.35 | AN23: ='IV Computed'!AN25*'IV Computed'!AM25 -> 865.935 | AO23: ='IV Computed'!AP25 -> 427.03 | AP23: ='IV Computed'!AP25*'IV Computed'!AO25 -> 896.763 | AQ23: ='IV Computed'!AR25 -> 435.92 | AR23: ='IV Computed'!AR25*'IV Computed'!AQ25 -> 915.432 | AS23: ='IV Computed'!AT25 -> 442.64 | AT23: ='IV Computed'!AT25*'IV Computed'!AS25 -> 929.544 | AU23: ='IV Computed'!AV25 -> 447.52 | AV23: ='IV Computed'!AV25*'IV Computed'!AU25 -> 939.792 | AW23: ='IV Computed'!AX25 -> 451.77 | AX23: ='IV Computed'!AX25*'IV Computed'!AW25 -> 948.717 | AY23: ='IV Computed'!AZ25 -> 456.26 | AZ23: ='IV Computed'!AZ25*'IV Computed'!AY25 -> 958.146
A24: ='IV Computed'!B26 -> 15.47 | B24: ='IV Computed'!B26*'IV Computed'!A26 -> 34.034 | C24: ='IV Computed'!D26 -> 36.98 | D24: ='IV Computed'!D26*'IV Computed'!C26 -> 81.356 | E24: ='IV Computed'!F26 -> 58.84 | F24: ='IV Computed'!F26*'IV Computed'!E26 -> 129.448 | G24: ='IV Computed'!H26 -> 78.26 | H24: ='IV Computed'!H26*'IV Computed'!G26 -> 172.172 | I24: ='IV Computed'!J26 -> 96.01 | J24: ='IV Computed'!J26*'IV Computed'!I26 -> 211.222 | K24: ='IV Computed'!L26 -> 114.53 | L24: ='IV Computed'!L26*'IV Computed'!K26 -> 251.966 | M24: ='IV Computed'!N26 -> 133.48 | N24: ='IV Computed'!N26*'IV Computed'!M26 -> 293.656 | O24: ='IV Computed'!P26 -> 152.75 | P24: ='IV Computed'!P26*'IV Computed'!O26 -> 336.05 | Q24: ='IV Computed'!R26 -> 172.78 | R24: ='IV Computed'!R26*'IV Computed'!Q26 -> 380.116 | S24: ='IV Computed'!T26 -> 192.43 | T24: ='IV Computed'!T26*'IV Computed'!S26 -> 423.346 | U24: ='IV Computed'!V26 -> 213.09 | V24: ='IV Computed'!V26*'IV Computed'!U26 -> 468.798 | W24: ='IV Computed'!X26 -> 235.26 | X24: ='IV Computed'!X26*'IV Computed'!W26 -> 517.572 | Y24: ='IV Computed'!Z26 -> 257.21 | Z24: ='IV Computed'!Z26*'IV Computed'!Y26 -> 565.862 | AA24: ='IV Computed'!AB26 -> 279.23 | AB24: ='IV Computed'!AB26*'IV Computed'!AA26 -> 614.306 | AC24: ='IV Computed'!AD26 -> 302.68 | AD24: ='IV Computed'!AD26*'IV Computed'!AC26 -> 665.896 | AE24: ='IV Computed'!AF26 -> 324.96 | AF24: ='IV Computed'!AF26*'IV Computed'!AE26 -> 714.912 | AG24: ='IV Computed'!AH26 -> 347.99 | AH24: ='IV Computed'!AH26*'IV Computed'!AG26 -> 765.578 | AI24: ='IV Computed'!AJ26 -> 370.22 | AJ24: ='IV Computed'!AJ26*'IV Computed'!AI26 -> 814.484 | AK24: ='IV Computed'!AL26 -> 392.32 | AL24: ='IV Computed'!AL26*'IV Computed'!AK26 -> 863.104 | AM24: ='IV Computed'!AN26 -> 411.51 | AN24: ='IV Computed'!AN26*'IV Computed'!AM26 -> 905.322 | AO24: ='IV Computed'!AP26 -> 426.18 | AP24: ='IV Computed'!AP26*'IV Computed'!AO26 -> 937.596 | AQ24: ='IV Computed'!AR26 -> 435.08 | AR24: ='IV Computed'!AR26*'IV Computed'!AQ26 -> 957.176 | AS24: ='IV Computed'!AT26 -> 441.79 | AT24: ='IV Computed'!AT26*'IV Computed'!AS26 -> 971.938 | AU24: ='IV Computed'!AV26 -> 446.67 | AV24: ='IV Computed'!AV26*'IV Computed'!AU26 -> 982.674 | AW24: ='IV Computed'!AX26 -> 450.91 | AX24: ='IV Computed'!AX26*'IV Computed'!AW26 -> 992.002 | AY24: ='IV Computed'!AZ26 -> 455.39 | AZ24: ='IV Computed'!AZ26*'IV Computed'!AY26 -> 1001.858
A25: ='IV Computed'!B27 -> 13.75 | B25: ='IV Computed'!B27*'IV Computed'!A27 -> 31.625 | C25: ='IV Computed'!D27 -> 35.61 | D25: ='IV Computed'!D27*'IV Computed'!C27 -> 81.903 | E25: ='IV Computed'!F27 -> 57.71 | F25: ='IV Computed'!F27*'IV Computed'!E27 -> 132.733 | G25: ='IV Computed'!H27 -> 77.23 | H25: ='IV Computed'!H27*'IV Computed'!G27 -> 177.629 | I25: ='IV Computed'!J27 -> 95.02 | J25: ='IV Computed'!J27*'IV Computed'!I27 -> 218.546 | K25: ='IV Computed'!L27 -> 113.58 | L25: ='IV Computed'!L27*'IV Computed'!K27 -> 261.234 | M25: ='IV Computed'!N27 -> 132.55 | N25: ='IV Computed'!N27*'IV Computed'!M27 -> 304.865 | O25: ='IV Computed'!P27 -> 151.84 | P25: ='IV Computed'!P27*'IV Computed'!O27 -> 349.232 | Q25: ='IV Computed'!R27 -> 171.88 | R25: ='IV Computed'!R27*'IV Computed'!Q27 -> 395.324 | S25: ='IV Computed'!T27 -> 191.54 | T25: ='IV Computed'!T27*'IV Computed'!S27 -> 440.542 | U25: ='IV Computed'!V27 -> 212.21 | V25: ='IV Computed'!V27*'IV Computed'!U27 -> 488.083 | W25: ='IV Computed'!X27 -> 234.39 | X25: ='IV Computed'!X27*'IV Computed'!W27 -> 539.097 | Y25: ='IV Computed'!Z27 -> 256.34 | Z25: ='IV Computed'!Z27*'IV Computed'!Y27 -> 589.582 | AA25: ='IV Computed'!AB27 -> 278.37 | AB25: ='IV Computed'!AB27*'IV Computed'!AA27 -> 640.251 | AC25: ='IV Computed'!AD27 -> 301.83 | AD25: ='IV Computed'!AD27*'IV Computed'!AC27 -> 694.209 | AE25: ='IV Computed'!AF27 -> 324.12 | AF25: ='IV Computed'!AF27*'IV Computed'!AE27 -> 745.476 | AG25: ='IV Computed'!AH27 -> 347.15 | AH25: ='IV Computed'!AH27*'IV Computed'!AG27 -> 798.445 | AI25: ='IV Computed'!AJ27 -> 369.38 | AJ25: ='IV Computed'!AJ27*'IV Computed'!AI27 -> 849.574 | AK25: ='IV Computed'!AL27 -> 391.47 | AL25: ='IV Computed'!AL27*'IV Computed'!AK27 -> 900.381 | AM25: ='IV Computed'!AN27 -> 410.67 | AN25: ='IV Computed'!AN27*'IV Computed'!AM27 -> 944.541 | AO25: ='IV Computed'!AP27 -> 425.34 | AP25: ='IV Computed'!AP27*'IV Computed'!AO27 -> 978.282 | AQ25: ='IV Computed'!AR27 -> 434.23 | AR25: ='IV Computed'!AR27*'IV Computed'!AQ27 -> 998.729 | AS25: ='IV Computed'!AT27 -> 440.94 | AT25: ='IV Computed'!AT27*'IV Computed'!AS27 -> 1014.162 | AU25: ='IV Computed'!AV27 -> 445.81 | AV25: ='IV Computed'!AV27*'IV Computed'!AU27 -> 1025.363 | AW25: ='IV Computed'!AX27 -> 450.05 | AX25: ='IV Computed'!AX27*'IV Computed'!AW27 -> 1035.115 | AY25: ='IV Computed'!AZ27 -> 454.52 | AZ25: ='IV Computed'!AZ27*'IV Computed'!AY27 -> 1045.396
A26: ='IV Computed'!B28 -> 12.03 | B26: ='IV Computed'!B28*'IV Computed'!A28 -> 28.872 | C26: ='IV Computed'!D28 -> 34.24 | D26: ='IV Computed'!D28*'IV Computed'!C28 -> 82.176 | E26: ='IV Computed'!F28 -> 56.58 | F26: ='IV Computed'!F28*'IV Computed'!E28 -> 135.792 | G26: ='IV Computed'!H28 -> 76.2 | H26: ='IV Computed'!H28*'IV Computed'!G28 -> 182.88 | I26: ='IV Computed'!J28 -> 94.03 | J26: ='IV Computed'!J28*'IV Computed'!I28 -> 225.672 | K26: ='IV Computed'!L28 -> 112.62 | L26: ='IV Computed'!L28*'IV Computed'!K28 -> 270.288 | M26: ='IV Computed'!N28 -> 131.62 | N26: ='IV Computed'!N28*'IV Computed'!M28 -> 315.888 | O26: ='IV Computed'!P28 -> 150.93 | P26: ='IV Computed'!P28*'IV Computed'!O28 -> 362.232 | Q26: ='IV Computed'!R28 -> 170.98 | R26: ='IV Computed'!R28*'IV Computed'!Q28 -> 410.352 | S26: ='IV Computed'!T28 -> 190.66 | T26: ='IV Computed'!T28*'IV Computed'!S28 -> 457.584 | U26: ='IV Computed'!V28 -> 211.33 | V26: ='IV Computed'!V28*'IV Computed'!U28 -> 507.192 | W26: ='IV Computed'!X28 -> 233.53 | X26: ='IV Computed'!X28*'IV Computed'!W28 -> 560.472 | Y26: ='IV Computed'!Z28 -> 255.48 | Z26: ='IV Computed'!Z28*'IV Computed'!Y28 -> 613.152 | AA26: ='IV Computed'!AB28 -> 277.51 | AB26: ='IV Computed'!AB28*'IV Computed'!AA28 -> 666.024 | AC26: ='IV Computed'!AD28 -> 300.98 | AD26: ='IV Computed'!AD28*'IV Computed'!AC28 -> 722.352 | AE26: ='IV Computed'!AF28 -> 323.27 | AF26: ='IV Computed'!AF28*'IV Computed'!AE28 -> 775.848 | AG26: ='IV Computed'!AH28 -> 346.3 | AH26: ='IV Computed'!AH28*'IV Computed'!AG28 -> 831.12 | AI26: ='IV Computed'!AJ28 -> 368.53 | AJ26: ='IV Computed'!AJ28*'IV Computed'!AI28 -> 884.472 | AK26: ='IV Computed'!AL28 -> 390.63 | AL26: ='IV Computed'!AL28*'IV Computed'!AK28 -> 937.512 | AM26: ='IV Computed'!AN28 -> 409.82 | AN26: ='IV Computed'!AN28*'IV Computed'!AM28 -> 983.568 | AO26: ='IV Computed'!AP28 -> 424.5 | AP26: ='IV Computed'!AP28*'IV Computed'!AO28 -> 1018.8 | AQ26: ='IV Computed'!AR28 -> 433.39 | AR26: ='IV Computed'!AR28*'IV Computed'!AQ28 -> 1040.136 | AS26: ='IV Computed'!AT28 -> 440.09 | AT26: ='IV Computed'!AT28*'IV Computed'!AS28 -> 1056.216 | AU26: ='IV Computed'!AV28 -> 444.95 | AV26: ='IV Computed'!AV28*'IV Computed'!AU28 -> 1067.88 | AW26: ='IV Computed'!AX28 -> 449.19 | AX26: ='IV Computed'!AX28*'IV Computed'!AW28 -> 1078.056 | AY26: ='IV Computed'!AZ28 -> 453.65 | AZ26: ='IV Computed'!AZ28*'IV Computed'!AY28 -> 1088.76
A27: ='IV Computed'!B29 -> 10.31 | B27: ='IV Computed'!B29*'IV Computed'!A29 -> 25.775 | C27: ='IV Computed'!D29 -> 32.88 | D27: ='IV Computed'!D29*'IV Computed'!C29 -> 82.2 | E27: ='IV Computed'!F29 -> 55.45 | F27: ='IV Computed'!F29*'IV Computed'!E29 -> 138.625 | G27: ='IV Computed'!H29 -> 75.17 | H27: ='IV Computed'!H29*'IV Computed'!G29 -> 187.925 | I27: ='IV Computed'!J29 -> 93.04 | J27: ='IV Computed'!J29*'IV Computed'!I29 -> 232.6 | K27: ='IV Computed'!L29 -> 111.67 | L27: ='IV Computed'!L29*'IV Computed'!K29 -> 279.175 | M27: ='IV Computed'!N29 -> 130.7 | N27: ='IV Computed'!N29*'IV Computed'!M29 -> 326.75 | O27: ='IV Computed'!P29 -> 150.02 | P27: ='IV Computed'!P29*'IV Computed'!O29 -> 375.05 | Q27: ='IV Computed'!R29 -> 170.09 | R27: ='IV Computed'!R29*'IV Computed'!Q29 -> 425.225 | S27: ='IV Computed'!T29 -> 189.77 | T27: ='IV Computed'!T29*'IV Computed'!S29 -> 474.425 | U27: ='IV Computed'!V29 -> 210.46 | V27: ='IV Computed'!V29*'IV Computed'!U29 -> 526.15 | W27: ='IV Computed'!X29 -> 232.66 | X27: ='IV Computed'!X29*'IV Computed'!W29 -> 581.65 | Y27: ='IV Computed'!Z29 -> 254.62 | Z27: ='IV Computed'!Z29*'IV Computed'!Y29 -> 636.55 | AA27: ='IV Computed'!AB29 -> 276.66 | AB27: ='IV Computed'!AB29*'IV Computed'!AA29 -> 691.65 | AC27: ='IV Computed'!AD29 -> 300.12 | AD27: ='IV Computed'!AD29*'IV Computed'!AC29 -> 750.3 | AE27: ='IV Computed'!AF29 -> 322.42 | AF27: ='IV Computed'!AF29*'IV Computed'!AE29 -> 806.05 | AG27: ='IV Computed'!AH29 -> 345.45 | AH27: ='IV Computed'!AH29*'IV Computed'!AG29 -> 863.625 | AI27: ='IV Computed'!AJ29 -> 367.69 | AJ27: ='IV Computed'!AJ29*'IV Computed'!AI29 -> 919.225 | AK27: ='IV Computed'!AL29 -> 389.79 | AL27: ='IV Computed'!AL29*'IV Computed'!AK29 -> 974.475 | AM27: ='IV Computed'!AN29 -> 408.98 | AN27: ='IV Computed'!AN29*'IV Computed'!AM29 -> 1022.45 | AO27: ='IV Computed'!AP29 -> 423.65 | AP27: ='IV Computed'!AP29*'IV Computed'!AO29 -> 1059.125 | AQ27: ='IV Computed'!AR29 -> 432.54 | AR27: ='IV Computed'!AR29*'IV Computed'!AQ29 -> 1081.35 | AS27: ='IV Computed'!AT29 -> 439.24 | AT27: ='IV Computed'!AT29*'IV Computed'!AS29 -> 1098.1 | AU27: ='IV Computed'!AV29 -> 444.1 | AV27: ='IV Computed'!AV29*'IV Computed'!AU29 -> 1110.25 | AW27: ='IV Computed'!AX29 -> 448.33 | AX27: ='IV Computed'!AX29*'IV Computed'!AW29 -> 1120.825 | AY27: ='IV Computed'!AZ29 -> 452.78 | AZ27: ='IV Computed'!AZ29*'IV Computed'!AY29 -> 1131.95
A28: ='IV Computed'!B30 -> 8.59 | B28: ='IV Computed'!B30*'IV Computed'!A30 -> 22.334 | C28: ='IV Computed'!D30 -> 31.51 | D28: ='IV Computed'!D30*'IV Computed'!C30 -> 81.926 | E28: ='IV Computed'!F30 -> 54.32 | F28: ='IV Computed'!F30*'IV Computed'!E30 -> 141.232 | G28: ='IV Computed'!H30 -> 74.14 | H28: ='IV Computed'!H30*'IV Computed'!G30 -> 192.764 | I28: ='IV Computed'!J30 -> 92.05 | J28: ='IV Computed'!J30*'IV Computed'!I30 -> 239.33 | K28: ='IV Computed'!L30 -> 110.71 | L28: ='IV Computed'!L30*'IV Computed'!K30 -> 287.846 | M28: ='IV Computed'!N30 -> 129.77 | N28: ='IV Computed'!N30*'IV Computed'!M30 -> 337.402 | O28: ='IV Computed'!P30 -> 149.11 | P28: ='IV Computed'!P30*'IV Computed'!O30 -> 387.686 | Q28: ='IV Computed'!R30 -> 169.19 | R28: ='IV Computed'!R30*'IV Computed'!Q30 -> 439.894 | S28: ='IV Computed'!T30 -> 188.88 | T28: ='IV Computed'!T30*'IV Computed'!S30 -> 491.088 | U28: ='IV Computed'!V30 -> 209.58 | V28: ='IV Computed'!V30*'IV Computed'!U30 -> 544.908 | W28: ='IV Computed'!X30 -> 231.79 | X28: ='IV Computed'!X30*'IV Computed'!W30 -> 602.654 | Y28: ='IV Computed'!Z30 -> 253.76 | Z28: ='IV Computed'!Z30*'IV Computed'!Y30 -> 659.776 | AA28: ='IV Computed'!AB30 -> 275.8 | AB28: ='IV Computed'!AB30*'IV Computed'!AA30 -> 717.08 | AC28: ='IV Computed'!AD30 -> 299.27 | AD28: ='IV Computed'!AD30*'IV Computed'!AC30 -> 778.102 | AE28: ='IV Computed'!AF30 -> 321.57 | AF28: ='IV Computed'!AF30*'IV Computed'!AE30 -> 836.082 | AG28: ='IV Computed'!AH30 -> 344.61 | AH28: ='IV Computed'!AH30*'IV Computed'!AG30 -> 895.986 | AI28: ='IV Computed'!AJ30 -> 366.84 | AJ28: ='IV Computed'!AJ30*'IV Computed'!AI30 -> 953.784 | AK28: ='IV Computed'!AL30 -> 388.94 | AL28: ='IV Computed'!AL30*'IV Computed'!AK30 -> 1011.244 | AM28: ='IV Computed'!AN30 -> 408.14 | AN28: ='IV Computed'!AN30*'IV Computed'!AM30 -> 1061.164 | AO28: ='IV Computed'!AP30 -> 422.81 | AP28: ='IV Computed'!AP30*'IV Computed'!AO30 -> 1099.306 | AQ28: ='IV Computed'!AR30 -> 431.69 | AR28: ='IV Computed'!AR30*'IV Computed'!AQ30 -> 1122.394 | AS28: ='IV Computed'!AT30 -> 438.39 | AT28: ='IV Computed'!AT30*'IV Computed'!AS30 -> 1139.814 | AU28: ='IV Computed'!AV30 -> 443.24 | AV28: ='IV Computed'!AV30*'IV Computed'!AU30 -> 1152.424 | AW28: ='IV Computed'!AX30 -> 447.46 | AX28: ='IV Computed'!AX30*'IV Computed'!AW30 -> 1163.396 | AY28: ='IV Computed'!AZ30 -> 451.91 | AZ28: ='IV Computed'!AZ30*'IV Computed'!AY30 -> 1174.966
... A32: ='IV Computed'!B34 -> 1.72 | B32: ='IV Computed'!B34*'IV Computed'!A34 -> 5.16 | C32: ='IV Computed'!D34 -> 26.03 | D32: ='IV Computed'!D34*'IV Computed'!C34 -> 78.09 | E32: ='IV Computed'!F34 -> 49.79 | F32: ='IV Computed'!F34*'IV Computed'!E34 -> 149.37 | G32: ='IV Computed'!H34 -> 70.02 | H32: ='IV Computed'!H34*'IV Computed'!G34 -> 210.06 | I32: ='IV Computed'!J34 -> 88.09 | J32: ='IV Computed'!J34*'IV Computed'!I34 -> 264.27 | K32: ='IV Computed'!L34 -> 106.9 | L32: ='IV Computed'!L34*'IV Computed'!K34 -> 320.7 | M32: ='IV Computed'!N34 -> 126.06 | N32: ='IV Computed'!N34*'IV Computed'!M34 -> 378.18 | O32: ='IV Computed'!P34 -> 145.47 | P32: ='IV Computed'!P34*'IV Computed'!O34 -> 436.41 | Q32: ='IV Computed'!R34 -> 165.61 | R32: ='IV Computed'!R34*'IV Computed'!Q34 -> 496.83 | S32: ='IV Computed'!T34 -> 185.34 | T32: ='IV Computed'!T34*'IV Computed'!S34 -> 556.02 | U32: ='IV Computed'!V34 -> 206.07 | V32: ='IV Computed'!V34*'IV Computed'!U34 -> 618.21 | W32: ='IV Computed'!X34 -> 228.32 | X32: ='IV Computed'!X34*'IV Computed'!W34 -> 684.96 | Y32: ='IV Computed'!Z34 -> 250.32 | Z32: ='IV Computed'!Z34*'IV Computed'!Y34 -> 750.96 | AA32: ='IV Computed'!AB34 -> 272.37 | AB32: ='IV Computed'!AB34*'IV Computed'!AA34 -> 817.11 | AC32: ='IV Computed'!AD34 -> 295.86 | AD32: ='IV Computed'!AD34*'IV Computed'!AC34 -> 887.58 | AE32: ='IV Computed'!AF34 -> 318.18 | AF32: ='IV Computed'!AF34*'IV Computed'!AE34 -> 954.54 | AG32: ='IV Computed'!AH34 -> 341.22 | AH32: ='IV Computed'!AH34*'IV Computed'!AG34 -> 1023.66 | AI32: ='IV Computed'!AJ34 -> 363.46 | AJ32: ='IV Computed'!AJ34*'IV Computed'!AI34 -> 1090.38 | AK32: ='IV Computed'!AL34 -> 385.57 | AL32: ='IV Computed'!AL34*'IV Computed'!AK34 -> 1156.71 | AM32: ='IV Computed'!AN34 -> 404.76 | AN32: ='IV Computed'!AN34*'IV Computed'!AM34 -> 1214.28 | AO32: ='IV Computed'!AP34 -> 419.43 | AP32: ='IV Computed'!AP34*'IV Computed'!AO34 -> 1258.29 | AQ32: ='IV Computed'!AR34 -> 428.31 | AR32: ='IV Computed'!AR34*'IV Computed'!AQ34 -> 1284.93 | AS32: ='IV Computed'!AT34 -> 434.98 | AT32: ='IV Computed'!AT34*'IV Computed'!AS34 -> 1304.94 | AU32: ='IV Computed'!AV34 -> 439.82 | AV32: ='IV Computed'!AV34*'IV Computed'!AU34 -> 1319.46 | AW32: ='IV Computed'!AX34 -> 444.02 | AX32: ='IV Computed'!AX34*'IV Computed'!AW34 -> 1332.06 | AY32: ='IV Computed'!AZ34 -> 448.44 | AZ32: ='IV Computed'!AZ34*'IV Computed'!AY34 -> 1345.32
A33: 0 | B33: 0 | C33: ='IV Computed'!D35 -> 24.66 | D33: ='IV Computed'!D35*'IV Computed'!C35 -> 76.446 | E33: ='IV Computed'!F35 -> 48.66 | F33: ='IV Computed'!F35*'IV Computed'!E35 -> 150.846 | G33: ='IV Computed'!H35 -> 68.99 | H33: ='IV Computed'!H35*'IV Computed'!G35 -> 213.869 | I33: ='IV Computed'!J35 -> 87.1 | J33: ='IV Computed'!J35*'IV Computed'!I35 -> 270.01 | K33: ='IV Computed'!L35 -> 105.94 | L33: ='IV Computed'!L35*'IV Computed'!K35 -> 328.414 | M33: ='IV Computed'!N35 -> 125.14 | N33: ='IV Computed'!N35*'IV Computed'!M35 -> 387.934 | O33: ='IV Computed'!P35 -> 144.56 | P33: ='IV Computed'!P35*'IV Computed'!O35 -> 448.136 | Q33: ='IV Computed'!R35 -> 164.72 | R33: ='IV Computed'!R35*'IV Computed'!Q35 -> 510.632 | S33: ='IV Computed'!T35 -> 184.45 | T33: ='IV Computed'!T35*'IV Computed'!S35 -> 571.795 | U33: ='IV Computed'!V35 -> 205.2 | V33: ='IV Computed'!V35*'IV Computed'!U35 -> 636.12 | W33: ='IV Computed'!X35 -> 227.45 | X33: ='IV Computed'!X35*'IV Computed'!W35 -> 705.095 | Y33: ='IV Computed'!Z35 -> 249.46 | Z33: ='IV Computed'!Z35*'IV Computed'!Y35 -> 773.326 | AA33: ='IV Computed'!AB35 -> 271.52 | AB33: ='IV Computed'!AB35*'IV Computed'!AA35 -> 841.712 | AC33: ='IV Computed'!AD35 -> 295.01 | AD33: ='IV Computed'!AD35*'IV Computed'!AC35 -> 914.531 | AE33: ='IV Computed'!AF35 -> 317.33 | AF33: ='IV Computed'!AF35*'IV Computed'!AE35 -> 983.723 | AG33: ='IV Computed'!AH35 -> 340.37 | AH33: ='IV Computed'!AH35*'IV Computed'!AG35 -> 1055.147 | AI33: ='IV Computed'!AJ35 -> 362.62 | AJ33: ='IV Computed'!AJ35*'IV Computed'!AI35 -> 1124.122 | AK33: ='IV Computed'!AL35 -> 384.73 | AL33: ='IV Computed'!AL35*'IV Computed'!AK35 -> 1192.663 | AM33: ='IV Computed'!AN35 -> 403.92 | AN33: ='IV Computed'!AN35*'IV Computed'!AM35 -> 1252.152 | AO33: ='IV Computed'!AP35 -> 418.59 | AP33: ='IV Computed'!AP35*'IV Computed'!AO35 -> 1297.629 | AQ33: ='IV Computed'!AR35 -> 427.46 | AR33: ='IV Computed'!AR35*'IV Computed'!AQ35 -> 1325.126 | AS33: ='IV Computed'!AT35 -> 434.13 | AT33: ='IV Computed'!AT35*'IV Computed'!AS35 -> 1345.803 | AU33: ='IV Computed'!AV35 -> 438.96 | AV33: ='IV Computed'!AV35*'IV Computed'!AU35 -> 1360.776 | AW33: ='IV Computed'!AX35 -> 443.15 | AX33: ='IV Computed'!AX35*'IV Computed'!AW35 -> 1373.765 | AY33: ='IV Computed'!AZ35 -> 447.57 | AZ33: ='IV Computed'!AZ35*'IV Computed'!AY35 -> 1387.467
C34: ='IV Computed'!D36 -> 23.29 | D34: ='IV Computed'!D36*'IV Computed'!C36 -> 74.528 | E34: ='IV Computed'!F36 -> 47.53 | F34: ='IV Computed'!F36*'IV Computed'!E36 -> 152.096 | G34: ='IV Computed'!H36 -> 67.96 | H34: ='IV Computed'!H36*'IV Computed'!G36 -> 217.472 | I34: ='IV Computed'!J36 -> 86.11 | J34: ='IV Computed'!J36*'IV Computed'!I36 -> 275.552 | K34: ='IV Computed'!L36 -> 104.99 | L34: ='IV Computed'!L36*'IV Computed'!K36 -> 335.968 | M34: ='IV Computed'!N36 -> 124.21 | N34: ='IV Computed'!N36*'IV Computed'!M36 -> 397.472 | O34: ='IV Computed'!P36 -> 143.66 | P34: ='IV Computed'!P36*'IV Computed'!O36 -> 459.712 | Q34: ='IV Computed'!R36 -> 163.82 | R34: ='IV Computed'!R36*'IV Computed'!Q36 -> 524.224 | S34: ='IV Computed'!T36 -> 183.56 | T34: ='IV Computed'!T36*'IV Computed'!S36 -> 587.392 | U34: ='IV Computed'!V36 -> 204.32 | V34: ='IV Computed'!V36*'IV Computed'!U36 -> 653.824 | W34: ='IV Computed'!X36 -> 226.58 | X34: ='IV Computed'!X36*'IV Computed'!W36 -> 725.056 | Y34: ='IV Computed'!Z36 -> 248.6 | Z34: ='IV Computed'!Z36*'IV Computed'!Y36 -> 795.52 | AA34: ='IV Computed'!AB36 -> 270.66 | AB34: ='IV Computed'!AB36*'IV Computed'!AA36 -> 866.112 | AC34: ='IV Computed'!AD36 -> 294.16 | AD34: ='IV Computed'!AD36*'IV Computed'!AC36 -> 941.312 | AE34: ='IV Computed'!AF36 -> 316.48 | AF34: ='IV Computed'!AF36*'IV Computed'!AE36 -> 1012.736 | AG34: ='IV Computed'!AH36 -> 339.53 | AH34: ='IV Computed'!AH36*'IV Computed'!AG36 -> 1086.496 | AI34: ='IV Computed'!AJ36 -> 361.77 | AJ34: ='IV Computed'!AJ36*'IV Computed'!AI36 -> 1157.664 | AK34: ='IV Computed'!AL36 -> 383.88 | AL34: ='IV Computed'!AL36*'IV Computed'!AK36 -> 1228.416 | AM34: ='IV Computed'!AN36 -> 403.08 | AN34: ='IV Computed'!AN36*'IV Computed'!AM36 -> 1289.856 | AO34: ='IV Computed'!AP36 -> 417.74 | AP34: ='IV Computed'!AP36*'IV Computed'!AO36 -> 1336.768 | AQ34: ='IV Computed'!AR36 -> 426.61 | AR34: ='IV Computed'!AR36*'IV Computed'!AQ36 -> 1365.152 | AS34: ='IV Computed'!AT36 -> 433.28 | AT34: ='IV Computed'!AT36*'IV Computed'!AS36 -> 1386.496 | AU34: ='IV Computed'!AV36 -> 438.11 | AV34: ='IV Computed'!AV36*'IV Computed'!AU36 -> 1401.952 | AW34: ='IV Computed'!AX36 -> 442.29 | AX34: ='IV Computed'!AX36*'IV Computed'!AW36 -> 1415.328 | AY34: ='IV Computed'!AZ36 -> 446.7 | AZ34: ='IV Computed'!AZ36*'IV Computed'!AY36 -> 1429.44
C35: ='IV Computed'!D37 -> 21.92 | D35: ='IV Computed'!D37*'IV Computed'!C37 -> 72.336 | E35: ='IV Computed'!F37 -> 46.4 | F35: ='IV Computed'!F37*'IV Computed'!E37 -> 153.12 | G35: ='IV Computed'!H37 -> 66.93 | H35: ='IV Computed'!H37*'IV Computed'!G37 -> 220.869 | I35: ='IV Computed'!J37 -> 85.12 | J35: ='IV Computed'!J37*'IV Computed'!I37 -> 280.896 | K35: ='IV Computed'!L37 -> 104.03 | L35: ='IV Computed'!L37*'IV Computed'!K37 -> 343.299 | M35: ='IV Computed'!N37 -> 123.28 | N35: ='IV Computed'!N37*'IV Computed'!M37 -> 406.824 | O35: ='IV Computed'!P37 -> 142.75 | P35: ='IV Computed'!P37*'IV Computed'!O37 -> 471.075 | Q35: ='IV Computed'!R37 -> 162.93 | R35: ='IV Computed'!R37*'IV Computed'!Q37 -> 537.669 | S35: ='IV Computed'!T37 -> 182.68 | T35: ='IV Computed'!T37*'IV Computed'!S37 -> 602.844 | U35: ='IV Computed'!V37 -> 203.44 | V35: ='IV Computed'!V37*'IV Computed'!U37 -> 671.352 | W35: ='IV Computed'!X37 -> 225.71 | X35: ='IV Computed'!X37*'IV Computed'!W37 -> 744.843 | Y35: ='IV Computed'!Z37 -> 247.74 | Z35: ='IV Computed'!Z37*'IV Computed'!Y37 -> 817.542 | AA35: ='IV Computed'!AB37 -> 269.8 | AB35: ='IV Computed'!AB37*'IV Computed'!AA37 -> 890.34 | AC35: ='IV Computed'!AD37 -> 293.3 | AD35: ='IV Computed'!AD37*'IV Computed'!AC37 -> 967.89 | AE35: ='IV Computed'!AF37 -> 315.63 | AF35: ='IV Computed'!AF37*'IV Computed'!AE37 -> 1041.579 | AG35: ='IV Computed'!AH37 -> 338.68 | AH35: ='IV Computed'!AH37*'IV Computed'!AG37 -> 1117.644 | AI35: ='IV Computed'!AJ37 -> 360.93 | AJ35: ='IV Computed'!AJ37*'IV Computed'!AI37 -> 1191.069 | AK35: ='IV Computed'!AL37 -> 383.04 | AL35: ='IV Computed'!AL37*'IV Computed'!AK37 -> 1264.032 | AM35: ='IV Computed'!AN37 -> 402.23 | AN35: ='IV Computed'!AN37*'IV Computed'!AM37 -> 1327.359 | AO35: ='IV Computed'!AP37 -> 416.9 | AP35: ='IV Computed'!AP37*'IV Computed'!AO37 -> 1375.77 | AQ35: ='IV Computed'!AR37 -> 425.77 | AR35: ='IV Computed'!AR37*'IV Computed'!AQ37 -> 1405.041 | AS35: ='IV Computed'!AT37 -> 432.43 | AT35: ='IV Computed'!AT37*'IV Computed'!AS37 -> 1427.019 | AU35: ='IV Computed'!AV37 -> 437.25 | AV35: ='IV Computed'!AV37*'IV Computed'!AU37 -> 1442.925 | AW35: ='IV Computed'!AX37 -> 441.43 | AX35: ='IV Computed'!AX37*'IV Computed'!AW37 -> 1456.719 | AY35: ='IV Computed'!AZ37 -> 445.83 | AZ35: ='IV Computed'!AZ37*'IV Computed'!AY37 -> 1471.239
C36: ='IV Computed'!D38 -> 20.55 | D36: ='IV Computed'!D38*'IV Computed'!C38 -> 69.87 | E36: ='IV Computed'!F38 -> 45.26 | F36: ='IV Computed'!F38*'IV Computed'!E38 -> 153.884 | G36: ='IV Computed'!H38 -> 65.9 | H36: ='IV Computed'!H38*'IV Computed'!G38 -> 224.06 | I36: ='IV Computed'!J38 -> 84.13 | J36: ='IV Computed'!J38*'IV Computed'!I38 -> 286.042 | K36: ='IV Computed'!L38 -> 103.08 | L36: ='IV Computed'!L38*'IV Computed'!K38 -> 350.472 | M36: ='IV Computed'!N38 -> 122.35 | N36: ='IV Computed'!N38*'IV Computed'!M38 -> 415.99 | O36: ='IV Computed'!P38 -> 141.84 | P36: ='IV Computed'!P38*'IV Computed'!O38 -> 482.256 | Q36: ='IV Computed'!R38 -> 162.03 | R36: ='IV Computed'!R38*'IV Computed'!Q38 -> 550.902 | S36: ='IV Computed'!T38 -> 181.79 | T36: ='IV Computed'!T38*'IV Computed'!S38 -> 618.086 | U36: ='IV Computed'!V38 -> 202.57 | V36: ='IV Computed'!V38*'IV Computed'!U38 -> 688.738 | W36: ='IV Computed'!X38 -> 224.84 | X36: ='IV Computed'!X38*'IV Computed'!W38 -> 764.456 | Y36: ='IV Computed'!Z38 -> 246.88 | Z36: ='IV Computed'!Z38*'IV Computed'!Y38 -> 839.392 | AA36: ='IV Computed'!AB38 -> 268.95 | AB36: ='IV Computed'!AB38*'IV Computed'!AA38 -> 914.43 | AC36: ='IV Computed'!AD38 -> 292.45 | AD36: ='IV Computed'!AD38*'IV Computed'!AC38 -> 994.33 | AE36: ='IV Computed'!AF38 -> 314.78 | AF36: ='IV Computed'!AF38*'IV Computed'!AE38 -> 1070.252 | AG36: ='IV Computed'!AH38 -> 337.83 | AH36: ='IV Computed'!AH38*'IV Computed'!AG38 -> 1148.622 | AI36: ='IV Computed'!AJ38 -> 360.08 | AJ36: ='IV Computed'!AJ38*'IV Computed'!AI38 -> 1224.272 | AK36: ='IV Computed'!AL38 -> 382.19 | AL36: ='IV Computed'!AL38*'IV Computed'!AK38 -> 1299.446 | AM36: ='IV Computed'!AN38 -> 401.39 | AN36: ='IV Computed'!AN38*'IV Computed'!AM38 -> 1364.726 | AO36: ='IV Computed'!AP38 -> 416.06 | AP36: ='IV Computed'!AP38*'IV Computed'!AO38 -> 1414.604 | AQ36: ='IV Computed'!AR38 -> 424.92 | AR36: ='IV Computed'!AR38*'IV Computed'!AQ38 -> 1444.728 | AS36: ='IV Computed'!AT38 -> 431.58 | AT36: ='IV Computed'!AT38*'IV Computed'!AS38 -> 1467.372 | AU36: ='IV Computed'!AV38 -> 436.4 | AV36: ='IV Computed'!AV38*'IV Computed'!AU38 -> 1483.76 | AW36: ='IV Computed'!AX38 -> 440.57 | AX36: ='IV Computed'!AX38*'IV Computed'!AW38 -> 1497.938 | AY36: ='IV Computed'!AZ38 -> 444.96 | AZ36: ='IV Computed'!AZ38*'IV Computed'!AY38 -> 1512.864
C37: ='IV Computed'!D39 -> 19.18 | D37: ='IV Computed'!D39*'IV Computed'!C39 -> 67.13 | E37: ='IV Computed'!F39 -> 44.13 | F37: ='IV Computed'!F39*'IV Computed'!E39 -> 154.455 | G37: ='IV Computed'!H39 -> 64.87 | H37: ='IV Computed'!H39*'IV Computed'!G39 -> 227.045 | I37: ='IV Computed'!J39 -> 83.14 | J37: ='IV Computed'!J39*'IV Computed'!I39 -> 290.99 | K37: ='IV Computed'!L39 -> 102.12 | L37: ='IV Computed'!L39*'IV Computed'!K39 -> 357.42 | M37: ='IV Computed'!N39 -> 121.43 | N37: ='IV Computed'!N39*'IV Computed'!M39 -> 425.005 | O37: ='IV Computed'!P39 -> 140.93 | P37: ='IV Computed'!P39*'IV Computed'!O39 -> 493.255 | Q37: ='IV Computed'!R39 -> 161.14 | R37: ='IV Computed'!R39*'IV Computed'!Q39 -> 563.99 | S37: ='IV Computed'!T39 -> 180.9 | T37: ='IV Computed'!T39*'IV Computed'!S39 -> 633.15 | U37: ='IV Computed'!V39 -> 201.69 | V37: ='IV Computed'!V39*'IV Computed'!U39 -> 705.915 | W37: ='IV Computed'!X39 -> 223.98 | X37: ='IV Computed'!X39*'IV Computed'!W39 -> 783.93 | Y37: ='IV Computed'!Z39 -> 246.02 | Z37: ='IV Computed'!Z39*'IV Computed'!Y39 -> 861.07 | AA37: ='IV Computed'!AB39 -> 268.09 | AB37: ='IV Computed'!AB39*'IV Computed'!AA39 -> 938.315 | AC37: ='IV Computed'!AD39 -> 291.6 | AD37: ='IV Computed'!AD39*'IV Computed'!AC39 -> 1020.6 | AE37: ='IV Computed'!AF39 -> 313.93 | AF37: ='IV Computed'!AF39*'IV Computed'!AE39 -> 1098.755 | AG37: ='IV Computed'!AH39 -> 336.99 | AH37: ='IV Computed'!AH39*'IV Computed'!AG39 -> 1179.465 | AI37: ='IV Computed'!AJ39 -> 359.24 | AJ37: ='IV Computed'!AJ39*'IV Computed'!AI39 -> 1257.34 | AK37: ='IV Computed'!AL39 -> 381.35 | AL37: ='IV Computed'!AL39*'IV Computed'!AK39 -> 1334.725 | AM37: ='IV Computed'!AN39 -> 400.55 | AN37: ='IV Computed'!AN39*'IV Computed'!AM39 -> 1401.925 | AO37: ='IV Computed'!AP39 -> 415.21 | AP37: ='IV Computed'!AP39*'IV Computed'!AO39 -> 1453.235 | AQ37: ='IV Computed'!AR39 -> 424.07 | AR37: ='IV Computed'!AR39*'IV Computed'!AQ39 -> 1484.245 | AS37: ='IV Computed'!AT39 -> 430.73 | AT37: ='IV Computed'!AT39*'IV Computed'!AS39 -> 1507.555 | AU37: ='IV Computed'!AV39 -> 435.54 | AV37: ='IV Computed'!AV39*'IV Computed'!AU39 -> 1524.39 | AW37: ='IV Computed'!AX39 -> 439.7 | AX37: ='IV Computed'!AX39*'IV Computed'!AW39 -> 1538.95 | AY37: ='IV Computed'!AZ39 -> 444.09 | AZ37: ='IV Computed'!AZ39*'IV Computed'!AY39 -> 1554.315
C38: ='IV Computed'!D40 -> 17.81 | D38: ='IV Computed'!D40*'IV Computed'!C40 -> 64.116 | E38: ='IV Computed'!F40 -> 43 | F38: ='IV Computed'!F40*'IV Computed'!E40 -> 154.8 | G38: ='IV Computed'!H40 -> 63.84 | H38: ='IV Computed'!H40*'IV Computed'!G40 -> 229.824 | I38: ='IV Computed'!J40 -> 82.15 | J38: ='IV Computed'!J40*'IV Computed'!I40 -> 295.74 | K38: ='IV Computed'!L40 -> 101.17 | L38: ='IV Computed'!L40*'IV Computed'!K40 -> 364.212 | M38: ='IV Computed'!N40 -> 120.5 | N38: ='IV Computed'!N40*'IV Computed'!M40 -> 433.8 | O38: ='IV Computed'!P40 -> 140.02 | P38: ='IV Computed'!P40*'IV Computed'!O40 -> 504.072 | Q38: ='IV Computed'!R40 -> 160.24 | R38: ='IV Computed'!R40*'IV Computed'!Q40 -> 576.864 | S38: ='IV Computed'!T40 -> 180.02 | T38: ='IV Computed'!T40*'IV Computed'!S40 -> 648.072 | U38: ='IV Computed'!V40 -> 200.81 | V38: ='IV Computed'!V40*'IV Computed'!U40 -> 722.916 | W38: ='IV Computed'!X40 -> 223.11 | X38: ='IV Computed'!X40*'IV Computed'!W40 -> 803.196 | Y38: ='IV Computed'!Z40 -> 245.16 | Z38: ='IV Computed'!Z40*'IV Computed'!Y40 -> 882.576 | AA38: ='IV Computed'!AB40 -> 267.24 | AB38: ='IV Computed'!AB40*'IV Computed'!AA40 -> 962.064 | AC38: ='IV Computed'!AD40 -> 290.75 | AD38: ='IV Computed'!AD40*'IV Computed'!AC40 -> 1046.7 | AE38: ='IV Computed'!AF40 -> 313.09 | AF38: ='IV Computed'!AF40*'IV Computed'!AE40 -> 1127.124 | AG38: ='IV Computed'!AH40 -> 336.14 | AH38: ='IV Computed'!AH40*'IV Computed'!AG40 -> 1210.104 | AI38: ='IV Computed'!AJ40 -> 358.39 | AJ38: ='IV Computed'!AJ40*'IV Computed'!AI40 -> 1290.204 | AK38: ='IV Computed'!AL40 -> 380.51 | AL38: ='IV Computed'!AL40*'IV Computed'!AK40 -> 1369.836 | AM38: ='IV Computed'!AN40 -> 399.7 | AN38: ='IV Computed'!AN40*'IV Computed'!AM40 -> 1438.92 | AO38: ='IV Computed'!AP40 -> 414.37 | AP38: ='IV Computed'!AP40*'IV Computed'!AO40 -> 1491.732 | AQ38: ='IV Computed'!AR40 -> 423.23 | AR38: ='IV Computed'!AR40*'IV Computed'!AQ40 -> 1523.628 | AS38: ='IV Computed'!AT40 -> 429.88 | AT38: ='IV Computed'!AT40*'IV Computed'!AS40 -> 1547.568 | AU38: ='IV Computed'!AV40 -> 434.69 | AV38: ='IV Computed'!AV40*'IV Computed'!AU40 -> 1564.884 | AW38: ='IV Computed'!AX40 -> 438.84 | AX38: ='IV Computed'!AX40*'IV Computed'!AW40 -> 1579.824 | AY38: ='IV Computed'!AZ40 -> 443.22 | AZ38: ='IV Computed'!AZ40*'IV Computed'!AY40 -> 1595.592
C39: ='IV Computed'!D41 -> 16.44 | D39: ='IV Computed'!D41*'IV Computed'!C41 -> 60.828 | E39: ='IV Computed'!F41 -> 41.87 | F39: ='IV Computed'!F41*'IV Computed'!E41 -> 154.919 | G39: ='IV Computed'!H41 -> 62.81 | H39: ='IV Computed'!H41*'IV Computed'!G41 -> 232.397 | I39: ='IV Computed'!J41 -> 81.16 | J39: ='IV Computed'!J41*'IV Computed'!I41 -> 300.292 | K39: ='IV Computed'!L41 -> 100.22 | L39: ='IV Computed'!L41*'IV Computed'!K41 -> 370.814 | M39: ='IV Computed'!N41 -> 119.57 | N39: ='IV Computed'!N41*'IV Computed'!M41 -> 442.409 | O39: ='IV Computed'!P41 -> 139.11 | P39: ='IV Computed'!P41*'IV Computed'!O41 -> 514.707 | Q39: ='IV Computed'!R41 -> 159.35 | R39: ='IV Computed'!R41*'IV Computed'!Q41 -> 589.595 | S39: ='IV Computed'!T41 -> 179.13 | T39: ='IV Computed'!T41*'IV Computed'!S41 -> 662.781 | U39: ='IV Computed'!V41 -> 199.93 | V39: ='IV Computed'!V41*'IV Computed'!U41 -> 739.741 | W39: ='IV Computed'!X41 -> 222.24 | X39: ='IV Computed'!X41*'IV Computed'!W41 -> 822.288 | Y39: ='IV Computed'!Z41 -> 244.3 | Z39: ='IV Computed'!Z41*'IV Computed'!Y41 -> 903.91 | AA39: ='IV Computed'!AB41 -> 266.38 | AB39: ='IV Computed'!AB41*'IV Computed'!AA41 -> 985.606 | AC39: ='IV Computed'!AD41 -> 289.89 | AD39: ='IV Computed'!AD41*'IV Computed'!AC41 -> 1072.593 | AE39: ='IV Computed'!AF41 -> 312.24 | AF39: ='IV Computed'!AF41*'IV Computed'!AE41 -> 1155.288 | AG39: ='IV Computed'!AH41 -> 335.29 | AH39: ='IV Computed'!AH41*'IV Computed'!AG41 -> 1240.573 | AI39: ='IV Computed'!AJ41 -> 357.55 | AJ39: ='IV Computed'!AJ41*'IV Computed'!AI41 -> 1322.935 | AK39: ='IV Computed'!AL41 -> 379.66 | AL39: ='IV Computed'!AL41*'IV Computed'!AK41 -> 1404.742 | AM39: ='IV Computed'!AN41 -> 398.86 | AN39: ='IV Computed'!AN41*'IV Computed'!AM41 -> 1475.782 | AO39: ='IV Computed'!AP41 -> 413.52 | AP39: ='IV Computed'!AP41*'IV Computed'!AO41 -> 1530.024 | AQ39: ='IV Computed'!AR41 -> 422.38 | AR39: ='IV Computed'!AR41*'IV Computed'!AQ41 -> 1562.806 | AS39: ='IV Computed'!AT41 -> 429.02 | AT39: ='IV Computed'!AT41*'IV Computed'!AS41 -> 1587.374 | AU39: ='IV Computed'!AV41 -> 433.83 | AV39: ='IV Computed'!AV41*'IV Computed'!AU41 -> 1605.171 | AW39: ='IV Computed'!AX41 -> 437.98 | AX39: ='IV Computed'!AX41*'IV Computed'!AW41 -> 1620.526 | AY39: ='IV Computed'!AZ41 -> 442.35 | AZ39: ='IV Computed'!AZ41*'IV Computed'!AY41 -> 1636.695
C40: ='IV Computed'!D42 -> 15.07 | D40: ='IV Computed'!D42*'IV Computed'!C42 -> 57.266 | E40: ='IV Computed'!F42 -> 40.74 | F40: ='IV Computed'!F42*'IV Computed'!E42 -> 154.812 | G40: ='IV Computed'!H42 -> 61.78 | H40: ='IV Computed'!H42*'IV Computed'!G42 -> 234.764 | I40: ='IV Computed'!J42 -> 80.17 | J40: ='IV Computed'!J42*'IV Computed'!I42 -> 304.646 | K40: ='IV Computed'!L42 -> 99.26 | L40: ='IV Computed'!L42*'IV Computed'!K42 -> 377.188 | M40: ='IV Computed'!N42 -> 118.65 | N40: ='IV Computed'!N42*'IV Computed'!M42 -> 450.87 | O40: ='IV Computed'!P42 -> 138.2 | P40: ='IV Computed'!P42*'IV Computed'!O42 -> 525.16 | Q40: ='IV Computed'!R42 -> 158.45 | R40: ='IV Computed'!R42*'IV Computed'!Q42 -> 602.11 | S40: ='IV Computed'!T42 -> 178.24 | T40: ='IV Computed'!T42*'IV Computed'!S42 -> 677.312 | U40: ='IV Computed'!V42 -> 199.06 | V40: ='IV Computed'!V42*'IV Computed'!U42 -> 756.428 | W40: ='IV Computed'!X42 -> 221.37 | X40: ='IV Computed'!X42*'IV Computed'!W42 -> 841.206 | Y40: ='IV Computed'!Z42 -> 243.44 | Z40: ='IV Computed'!Z42*'IV Computed'!Y42 -> 925.072 | AA40: ='IV Computed'!AB42 -> 265.52 | AB40: ='IV Computed'!AB42*'IV Computed'!AA42 -> 1008.976 | AC40: ='IV Computed'!AD42 -> 289.04 | AD40: ='IV Computed'!AD42*'IV Computed'!AC42 -> 1098.352 | AE40: ='IV Computed'!AF42 -> 311.39 | AF40: ='IV Computed'!AF42*'IV Computed'!AE42 -> 1183.282 | AG40: ='IV Computed'!AH42 -> 334.45 | AH40: ='IV Computed'!AH42*'IV Computed'!AG42 -> 1270.91 | AI40: ='IV Computed'!AJ42 -> 356.7 | AJ40: ='IV Computed'!AJ42*'IV Computed'!AI42 -> 1355.46 | AK40: ='IV Computed'!AL42 -> 378.82 | AL40: ='IV Computed'!AL42*'IV Computed'!AK42 -> 1439.516 | AM40: ='IV Computed'!AN42 -> 398.02 | AN40: ='IV Computed'!AN42*'IV Computed'!AM42 -> 1512.476 | AO40: ='IV Computed'!AP42 -> 412.68 | AP40: ='IV Computed'!AP42*'IV Computed'!AO42 -> 1568.184 | AQ40: ='IV Computed'!AR42 -> 421.53 | AR40: ='IV Computed'!AR42*'IV Computed'!AQ42 -> 1601.814 | AS40: ='IV Computed'!AT42 -> 428.17 | AT40: ='IV Computed'!AT42*'IV Computed'!AS42 -> 1627.046 | AU40: ='IV Computed'!AV42 -> 432.97 | AV40: ='IV Computed'!AV42*'IV Computed'!AU42 -> 1645.286 | AW40: ='IV Computed'!AX42 -> 437.12 | AX40: ='IV Computed'!AX42*'IV Computed'!AW42 -> 1661.056 | AY40: ='IV Computed'!AZ42 -> 441.49 | AZ40: ='IV Computed'!AZ42*'IV Computed'!AY42 -> 1677.662
C41: ='IV Computed'!D43 -> 13.7 | D41: ='IV Computed'!D43*'IV Computed'!C43 -> 53.43 | E41: ='IV Computed'!F43 -> 39.61 | F41: ='IV Computed'!F43*'IV Computed'!E43 -> 154.479 | G41: ='IV Computed'!H43 -> 60.75 | H41: ='IV Computed'!H43*'IV Computed'!G43 -> 236.925 | I41: ='IV Computed'!J43 -> 79.18 | J41: ='IV Computed'!J43*'IV Computed'!I43 -> 308.802 | K41: ='IV Computed'!L43 -> 98.31 | L41: ='IV Computed'!L43*'IV Computed'!K43 -> 383.409 | M41: ='IV Computed'!N43 -> 117.72 | N41: ='IV Computed'!N43*'IV Computed'!M43 -> 459.108 | O41: ='IV Computed'!P43 -> 137.29 | P41: ='IV Computed'!P43*'IV Computed'!O43 -> 535.431 | Q41: ='IV Computed'!R43 -> 157.56 | R41: ='IV Computed'!R43*'IV Computed'!Q43 -> 614.484 | S41: ='IV Computed'!T43 -> 177.36 | T41: ='IV Computed'!T43*'IV Computed'!S43 -> 691.704 | U41: ='IV Computed'!V43 -> 198.18 | V41: ='IV Computed'!V43*'IV Computed'!U43 -> 772.902 | W41: ='IV Computed'!X43 -> 220.5 | X41: ='IV Computed'!X43*'IV Computed'!W43 -> 859.95 | Y41: ='IV Computed'!Z43 -> 242.58 | Z41: ='IV Computed'!Z43*'IV Computed'!Y43 -> 946.062 | AA41: ='IV Computed'!AB43 -> 264.67 | AB41: ='IV Computed'!AB43*'IV Computed'!AA43 -> 1032.213 | AC41: ='IV Computed'!AD43 -> 288.19 | AD41: ='IV Computed'!AD43*'IV Computed'!AC43 -> 1123.941 | AE41: ='IV Computed'!AF43 -> 310.54 | AF41: ='IV Computed'!AF43*'IV Computed'!AE43 -> 1211.106 | AG41: ='IV Computed'!AH43 -> 333.6 | AH41: ='IV Computed'!AH43*'IV Computed'!AG43 -> 1301.04 | AI41: ='IV Computed'!AJ43 -> 355.85 | AJ41: ='IV Computed'!AJ43*'IV Computed'!AI43 -> 1387.815 | AK41: ='IV Computed'!AL43 -> 377.98 | AL41: ='IV Computed'!AL43*'IV Computed'!AK43 -> 1474.122 | AM41: ='IV Computed'!AN43 -> 397.17 | AN41: ='IV Computed'!AN43*'IV Computed'!AM43 -> 1548.963 | AO41: ='IV Computed'!AP43 -> 411.84 | AP41: ='IV Computed'!AP43*'IV Computed'!AO43 -> 1606.176 | AQ41: ='IV Computed'!AR43 -> 420.69 | AR41: ='IV Computed'!AR43*'IV Computed'!AQ43 -> 1640.691 | AS41: ='IV Computed'!AT43 -> 427.32 | AT41: ='IV Computed'!AT43*'IV Computed'!AS43 -> 1666.548 | AU41: ='IV Computed'!AV43 -> 432.12 | AV41: ='IV Computed'!AV43*'IV Computed'!AU43 -> 1685.268 | AW41: ='IV Computed'!AX43 -> 436.26 | AX41: ='IV Computed'!AX43*'IV Computed'!AW43 -> 1701.414 | AY41: ='IV Computed'!AZ43 -> 440.62 | AZ41: ='IV Computed'!AZ43*'IV Computed'!AY43 -> 1718.418
C42: ='IV Computed'!D44 -> 12.33 | D42: ='IV Computed'!D44*'IV Computed'!C44 -> 49.32 | E42: ='IV Computed'!F44 -> 38.48 | F42: ='IV Computed'!F44*'IV Computed'!E44 -> 153.92 | G42: ='IV Computed'!H44 -> 59.72 | H42: ='IV Computed'!H44*'IV Computed'!G44 -> 238.88 | I42: ='IV Computed'!J44 -> 78.19 | J42: ='IV Computed'!J44*'IV Computed'!I44 -> 312.76 | K42: ='IV Computed'!L44 -> 97.35 | L42: ='IV Computed'!L44*'IV Computed'!K44 -> 389.4 | M42: ='IV Computed'!N44 -> 116.79 | N42: ='IV Computed'!N44*'IV Computed'!M44 -> 467.16 | O42: ='IV Computed'!P44 -> 136.38 | P42: ='IV Computed'!P44*'IV Computed'!O44 -> 545.52 | Q42: ='IV Computed'!R44 -> 156.66 | R42: ='IV Computed'!R44*'IV Computed'!Q44 -> 626.64 | S42: ='IV Computed'!T44 -> 176.47 | T42: ='IV Computed'!T44*'IV Computed'!S44 -> 705.88 | U42: ='IV Computed'!V44 -> 197.3 | V42: ='IV Computed'!V44*'IV Computed'!U44 -> 789.2 | W42: ='IV Computed'!X44 -> 219.64 | X42: ='IV Computed'!X44*'IV Computed'!W44 -> 878.56 | Y42: ='IV Computed'!Z44 -> 241.72 | Z42: ='IV Computed'!Z44*'IV Computed'!Y44 -> 966.88 | AA42: ='IV Computed'!AB44 -> 263.81 | AB42: ='IV Computed'!AB44*'IV Computed'!AA44 -> 1055.24 | AC42: ='IV Computed'!AD44 -> 287.33 | AD42: ='IV Computed'!AD44*'IV Computed'!AC44 -> 1149.32 | AE42: ='IV Computed'!AF44 -> 309.69 | AF42: ='IV Computed'!AF44*'IV Computed'!AE44 -> 1238.76 | AG42: ='IV Computed'!AH44 -> 332.75 | AH42: ='IV Computed'!AH44*'IV Computed'!AG44 -> 1331 | AI42: ='IV Computed'!AJ44 -> 355.01 | AJ42: ='IV Computed'!AJ44*'IV Computed'!AI44 -> 1420.04 | AK42: ='IV Computed'!AL44 -> 377.13 | AL42: ='IV Computed'!AL44*'IV Computed'!AK44 -> 1508.52 | AM42: ='IV Computed'!AN44 -> 396.33 | AN42: ='IV Computed'!AN44*'IV Computed'!AM44 -> 1585.32 | AO42: ='IV Computed'!AP44 -> 410.99 | AP42: ='IV Computed'!AP44*'IV Computed'!AO44 -> 1643.96 | AQ42: ='IV Computed'!AR44 -> 419.84 | AR42: ='IV Computed'!AR44*'IV Computed'!AQ44 -> 1679.36 | AS42: ='IV Computed'!AT44 -> 426.47 | AT42: ='IV Computed'!AT44*'IV Computed'!AS44 -> 1705.88 | AU42: ='IV Computed'!AV44 -> 431.26 | AV42: ='IV Computed'!AV44*'IV Computed'!AU44 -> 1725.04 | AW42: ='IV Computed'!AX44 -> 435.39 | AX42: ='IV Computed'!AX44*'IV Computed'!AW44 -> 1741.56 | AY42: ='IV Computed'!AZ44 -> 439.75 | AZ42: ='IV Computed'!AZ44*'IV Computed'!AY44 -> 1759
C43: ='IV Computed'!D45 -> 10.96 | D43: ='IV Computed'!D45*'IV Computed'!C45 -> 44.936 | E43: ='IV Computed'!F45 -> 37.34 | F43: ='IV Computed'!F45*'IV Computed'!E45 -> 153.094 | G43: ='IV Computed'!H45 -> 58.69 | H43: ='IV Computed'!H45*'IV Computed'!G45 -> 240.629 | I43: ='IV Computed'!J45 -> 77.2 | J43: ='IV Computed'!J45*'IV Computed'!I45 -> 316.52 | K43: ='IV Computed'!L45 -> 96.4 | L43: ='IV Computed'!L45*'IV Computed'!K45 -> 395.24 | M43: ='IV Computed'!N45 -> 115.87 | N43: ='IV Computed'!N45*'IV Computed'!M45 -> 475.067 | O43: ='IV Computed'!P45 -> 135.47 | P43: ='IV Computed'!P45*'IV Computed'!O45 -> 555.427 | Q43: ='IV Computed'!R45 -> 155.77 | R43: ='IV Computed'!R45*'IV Computed'!Q45 -> 638.657 | S43: ='IV Computed'!T45 -> 175.58 | T43: ='IV Computed'!T45*'IV Computed'!S45 -> 719.878 | U43: ='IV Computed'!V45 -> 196.43 | V43: ='IV Computed'!V45*'IV Computed'!U45 -> 805.363 | W43: ='IV Computed'!X45 -> 218.77 | X43: ='IV Computed'!X45*'IV Computed'!W45 -> 896.957 | Y43: ='IV Computed'!Z45 -> 240.86 | Z43: ='IV Computed'!Z45*'IV Computed'!Y45 -> 987.526 | AA43: ='IV Computed'!AB45 -> 262.95 | AB43: ='IV Computed'!AB45*'IV Computed'!AA45 -> 1078.095 | AC43: ='IV Computed'!AD45 -> 286.48 | AD43: ='IV Computed'!AD45*'IV Computed'!AC45 -> 1174.568 | AE43: ='IV Computed'!AF45 -> 308.84 | AF43: ='IV Computed'!AF45*'IV Computed'!AE45 -> 1266.244 | AG43: ='IV Computed'!AH45 -> 331.91 | AH43: ='IV Computed'!AH45*'IV Computed'!AG45 -> 1360.831 | AI43: ='IV Computed'!AJ45 -> 354.16 | AJ43: ='IV Computed'!AJ45*'IV Computed'!AI45 -> 1452.056 | AK43: ='IV Computed'!AL45 -> 376.29 | AL43: ='IV Computed'!AL45*'IV Computed'!AK45 -> 1542.789 | AM43: ='IV Computed'!AN45 -> 395.49 | AN43: ='IV Computed'!AN45*'IV Computed'!AM45 -> 1621.509 | AO43: ='IV Computed'!AP45 -> 410.15 | AP43: ='IV Computed'!AP45*'IV Computed'!AO45 -> 1681.615 | AQ43: ='IV Computed'!AR45 -> 419 | AR43: ='IV Computed'!AR45*'IV Computed'!AQ45 -> 1717.9 | AS43: ='IV Computed'!AT45 -> 425.62 | AT43: ='IV Computed'!AT45*'IV Computed'!AS45 -> 1745.042 | AU43: ='IV Computed'!AV45 -> 430.41 | AV43: ='IV Computed'!AV45*'IV Computed'!AU45 -> 1764.681 | AW43: ='IV Computed'!AX45 -> 434.53 | AX43: ='IV Computed'!AX45*'IV Computed'!AW45 -> 1781.573 | AY43: ='IV Computed'!AZ45 -> 438.88 | AZ43: ='IV Computed'!AZ45*'IV Computed'!AY45 -> 1799.408
C44: ='IV Computed'!D46 -> 9.59 | D44: ='IV Computed'!D46*'IV Computed'!C46 -> 40.278 | E44: ='IV Computed'!F46 -> 36.21 | F44: ='IV Computed'!F46*'IV Computed'!E46 -> 152.082 | G44: ='IV Computed'!H46 -> 57.66 | H44: ='IV Computed'!H46*'IV Computed'!G46 -> 242.172 | I44: ='IV Computed'!J46 -> 76.21 | J44: ='IV Computed'!J46*'IV Computed'!I46 -> 320.082 | K44: ='IV Computed'!L46 -> 95.44 | L44: ='IV Computed'!L46*'IV Computed'!K46 -> 400.848 | M44: ='IV Computed'!N46 -> 114.94 | N44: ='IV Computed'!N46*'IV Computed'!M46 -> 482.748 | O44: ='IV Computed'!P46 -> 134.56 | P44: ='IV Computed'!P46*'IV Computed'!O46 -> 565.152 | Q44: ='IV Computed'!R46 -> 154.87 | R44: ='IV Computed'!R46*'IV Computed'!Q46 -> 650.454 | S44: ='IV Computed'!T46 -> 174.7 | T44: ='IV Computed'!T46*'IV Computed'!S46 -> 733.74 | U44: ='IV Computed'!V46 -> 195.55 | V44: ='IV Computed'!V46*'IV Computed'!U46 -> 821.31 | W44: ='IV Computed'!X46 -> 217.9 | X44: ='IV Computed'!X46*'IV Computed'!W46 -> 915.18 | Y44: ='IV Computed'!Z46 -> 240 | Z44: ='IV Computed'!Z46*'IV Computed'!Y46 -> 1008 | AA44: ='IV Computed'!AB46 -> 262.1 | AB44: ='IV Computed'!AB46*'IV Computed'!AA46 -> 1100.82 | AC44: ='IV Computed'!AD46 -> 285.63 | AD44: ='IV Computed'!AD46*'IV Computed'!AC46 -> 1199.646 | AE44: ='IV Computed'!AF46 -> 307.99 | AF44: ='IV Computed'!AF46*'IV Computed'!AE46 -> 1293.558 | AG44: ='IV Computed'!AH46 -> 331.06 | AH44: ='IV Computed'!AH46*'IV Computed'!AG46 -> 1390.452 | AI44: ='IV Computed'!AJ46 -> 353.32 | AJ44: ='IV Computed'!AJ46*'IV Computed'!AI46 -> 1483.944 | AK44: ='IV Computed'!AL46 -> 375.44 | AL44: ='IV Computed'!AL46*'IV Computed'!AK46 -> 1576.848 | AM44: ='IV Computed'!AN46 -> 394.64 | AN44: ='IV Computed'!AN46*'IV Computed'!AM46 -> 1657.488 | AO44: ='IV Computed'!AP46 -> 409.31 | AP44: ='IV Computed'!AP46*'IV Computed'!AO46 -> 1719.102 | AQ44: ='IV Computed'!AR46 -> 418.15 | AR44: ='IV Computed'!AR46*'IV Computed'!AQ46 -> 1756.23 | AS44: ='IV Computed'!AT46 -> 424.77 | AT44: ='IV Computed'!AT46*'IV Computed'!AS46 -> 1784.034 | AU44: ='IV Computed'!AV46 -> 429.55 | AV44: ='IV Computed'!AV46*'IV Computed'!AU46 -> 1804.11 | AW44: ='IV Computed'!AX46 -> 433.67 | AX44: ='IV Computed'!AX46*'IV Computed'!AW46 -> 1821.414 | AY44: ='IV Computed'!AZ46 -> 438.01 | AZ44: ='IV Computed'!AZ46*'IV Computed'!AY46 -> 1839.642
C45: ='IV Computed'!D47 -> 8.22 | D45: ='IV Computed'!D47*'IV Computed'!C47 -> 35.346 | E45: ='IV Computed'!F47 -> 35.08 | F45: ='IV Computed'!F47*'IV Computed'!E47 -> 150.844 | G45: ='IV Computed'!H47 -> 56.63 | H45: ='IV Computed'!H47*'IV Computed'!G47 -> 243.509 | I45: ='IV Computed'!J47 -> 75.22 | J45: ='IV Computed'!J47*'IV Computed'!I47 -> 323.446 | K45: ='IV Computed'!L47 -> 94.49 | L45: ='IV Computed'!L47*'IV Computed'!K47 -> 406.307 | M45: ='IV Computed'!N47 -> 114.01 | N45: ='IV Computed'!N47*'IV Computed'!M47 -> 490.243 | O45: ='IV Computed'!P47 -> 133.65 | P45: ='IV Computed'!P47*'IV Computed'!O47 -> 574.695 | Q45: ='IV Computed'!R47 -> 153.98 | R45: ='IV Computed'!R47*'IV Computed'!Q47 -> 662.114 | S45: ='IV Computed'!T47 -> 173.81 | T45: ='IV Computed'!T47*'IV Computed'!S47 -> 747.383 | U45: ='IV Computed'!V47 -> 194.67 | V45: ='IV Computed'!V47*'IV Computed'!U47 -> 837.081 | W45: ='IV Computed'!X47 -> 217.03 | X45: ='IV Computed'!X47*'IV Computed'!W47 -> 933.229 | Y45: ='IV Computed'!Z47 -> 239.14 | Z45: ='IV Computed'!Z47*'IV Computed'!Y47 -> 1028.302 | AA45: ='IV Computed'!AB47 -> 261.24 | AB45: ='IV Computed'!AB47*'IV Computed'!AA47 -> 1123.332 | AC45: ='IV Computed'!AD47 -> 284.78 | AD45: ='IV Computed'!AD47*'IV Computed'!AC47 -> 1224.554 | AE45: ='IV Computed'!AF47 -> 307.15 | AF45: ='IV Computed'!AF47*'IV Computed'!AE47 -> 1320.745 | AG45: ='IV Computed'!AH47 -> 330.21 | AH45: ='IV Computed'!AH47*'IV Computed'!AG47 -> 1419.903 | AI45: ='IV Computed'!AJ47 -> 352.47 | AJ45: ='IV Computed'!AJ47*'IV Computed'!AI47 -> 1515.621 | AK45: ='IV Computed'!AL47 -> 374.6 | AL45: ='IV Computed'!AL47*'IV Computed'!AK47 -> 1610.78 | AM45: ='IV Computed'!AN47 -> 393.8 | AN45: ='IV Computed'!AN47*'IV Computed'!AM47 -> 1693.34 | AO45: ='IV Computed'!AP47 -> 408.46 | AP45: ='IV Computed'!AP47*'IV Computed'!AO47 -> 1756.378 | AQ45: ='IV Computed'!AR47 -> 417.3 | AR45: ='IV Computed'!AR47*'IV Computed'!AQ47 -> 1794.39 | AS45: ='IV Computed'!AT47 -> 423.92 | AT45: ='IV Computed'!AT47*'IV Computed'!AS47 -> 1822.856 | AU45: ='IV Computed'!AV47 -> 428.7 | AV45: ='IV Computed'!AV47*'IV Computed'!AU47 -> 1843.41 | AW45: ='IV Computed'!AX47 -> 432.81 | AX45: ='IV Computed'!AX47*'IV Computed'!AW47 -> 1861.083 | AY45: ='IV Computed'!AZ47 -> 437.14 | AZ45: ='IV Computed'!AZ47*'IV Computed'!AY47 -> 1879.702
... C50: ='IV Computed'!D52 -> 1.37 | D50: ='IV Computed'!D52*'IV Computed'!C52 -> 6.576 | E50: ='IV Computed'!F52 -> 29.42 | F50: ='IV Computed'!F52*'IV Computed'!E52 -> 141.216 | G50: ='IV Computed'!H52 -> 51.48 | H50: ='IV Computed'!H52*'IV Computed'!G52 -> 247.104 | I50: ='IV Computed'!J52 -> 70.27 | J50: ='IV Computed'!J52*'IV Computed'!I52 -> 337.296 | K50: ='IV Computed'!L52 -> 89.72 | L50: ='IV Computed'!L52*'IV Computed'!K52 -> 430.656 | M50: ='IV Computed'!N52 -> 109.38 | N50: ='IV Computed'!N52*'IV Computed'!M52 -> 525.024 | O50: ='IV Computed'!P52 -> 129.11 | P50: ='IV Computed'!P52*'IV Computed'!O52 -> 619.728 | Q50: ='IV Computed'!R52 -> 149.5 | R50: ='IV Computed'!R52*'IV Computed'!Q52 -> 717.6 | S50: ='IV Computed'!T52 -> 169.37 | T50: ='IV Computed'!T52*'IV Computed'!S52 -> 812.976 | U50: ='IV Computed'!V52 -> 190.29 | V50: ='IV Computed'!V52*'IV Computed'!U52 -> 913.392 | W50: ='IV Computed'!X52 -> 212.69 | X50: ='IV Computed'!X52*'IV Computed'!W52 -> 1020.912 | Y50: ='IV Computed'!Z52 -> 234.84 | Z50: ='IV Computed'!Z52*'IV Computed'!Y52 -> 1127.232 | AA50: ='IV Computed'!AB52 -> 256.96 | AB50: ='IV Computed'!AB52*'IV Computed'!AA52 -> 1233.408 | AC50: ='IV Computed'!AD52 -> 280.51 | AD50: ='IV Computed'!AD52*'IV Computed'!AC52 -> 1346.448 | AE50: ='IV Computed'!AF52 -> 302.9 | AF50: ='IV Computed'!AF52*'IV Computed'!AE52 -> 1453.92 | AG50: ='IV Computed'!AH52 -> 325.98 | AH50: ='IV Computed'!AH52*'IV Computed'!AG52 -> 1564.704 | AI50: ='IV Computed'!AJ52 -> 348.25 | AJ50: ='IV Computed'!AJ52*'IV Computed'!AI52 -> 1671.6 | AK50: ='IV Computed'!AL52 -> 370.38 | AL50: ='IV Computed'!AL52*'IV Computed'!AK52 -> 1777.824 | AM50: ='IV Computed'!AN52 -> 389.58 | AN50: ='IV Computed'!AN52*'IV Computed'!AM52 -> 1869.984 | AO50: ='IV Computed'!AP52 -> 404.24 | AP50: ='IV Computed'!AP52*'IV Computed'!AO52 -> 1940.352 | AQ50: ='IV Computed'!AR52 -> 413.07 | AR50: ='IV Computed'!AR52*'IV Computed'!AQ52 -> 1982.736 | AS50: ='IV Computed'!AT52 -> 419.66 | AT50: ='IV Computed'!AT52*'IV Computed'!AS52 -> 2014.368 | AU50: ='IV Computed'!AV52 -> 424.42 | AV50: ='IV Computed'!AV52*'IV Computed'!AU52 -> 2037.216 | AW50: ='IV Computed'!AX52 -> 428.5 | AX50: ='IV Computed'!AX52*'IV Computed'!AW52 -> 2056.8 | AY50: ='IV Computed'!AZ52 -> 432.79 | AZ50: ='IV Computed'!AZ52*'IV Computed'!AY52 -> 2077.392
C51: 0 | D51: 0 | E51: ='IV Computed'!F53 -> 28.29 | F51: ='IV Computed'!F53*'IV Computed'!E53 -> 138.621 | G51: ='IV Computed'!H53 -> 50.46 | H51: ='IV Computed'!H53*'IV Computed'!G53 -> 247.254 | I51: ='IV Computed'!J53 -> 69.28 | J51: ='IV Computed'!J53*'IV Computed'!I53 -> 339.472 | K51: ='IV Computed'!L53 -> 88.76 | L51: ='IV Computed'!L53*'IV Computed'!K53 -> 434.924 | M51: ='IV Computed'!N53 -> 108.45 | N51: ='IV Computed'!N53*'IV Computed'!M53 -> 531.405 | O51: ='IV Computed'!P53 -> 128.2 | P51: ='IV Computed'!P53*'IV Computed'!O53 -> 628.18 | Q51: ='IV Computed'!R53 -> 148.6 | R51: ='IV Computed'!R53*'IV Computed'!Q53 -> 728.14 | S51: ='IV Computed'!T53 -> 168.49 | T51: ='IV Computed'!T53*'IV Computed'!S53 -> 825.601 | U51: ='IV Computed'!V53 -> 189.41 | V51: ='IV Computed'!V53*'IV Computed'!U53 -> 928.109 | W51: ='IV Computed'!X53 -> 211.82 | X51: ='IV Computed'!X53*'IV Computed'!W53 -> 1037.918 | Y51: ='IV Computed'!Z53 -> 233.98 | Z51: ='IV Computed'!Z53*'IV Computed'!Y53 -> 1146.502 | AA51: ='IV Computed'!AB53 -> 256.1 | AB51: ='IV Computed'!AB53*'IV Computed'!AA53 -> 1254.89 | AC51: ='IV Computed'!AD53 -> 279.66 | AD51: ='IV Computed'!AD53*'IV Computed'!AC53 -> 1370.334 | AE51: ='IV Computed'!AF53 -> 302.06 | AF51: ='IV Computed'!AF53*'IV Computed'!AE53 -> 1480.094 | AG51: ='IV Computed'!AH53 -> 325.13 | AH51: ='IV Computed'!AH53*'IV Computed'!AG53 -> 1593.137 | AI51: ='IV Computed'!AJ53 -> 347.4 | AJ51: ='IV Computed'!AJ53*'IV Computed'!AI53 -> 1702.26 | AK51: ='IV Computed'!AL53 -> 369.54 | AL51: ='IV Computed'!AL53*'IV Computed'!AK53 -> 1810.746 | AM51: ='IV Computed'!AN53 -> 388.74 | AN51: ='IV Computed'!AN53*'IV Computed'!AM53 -> 1904.826 | AO51: ='IV Computed'!AP53 -> 403.4 | AP51: ='IV Computed'!AP53*'IV Computed'!AO53 -> 1976.66 | AQ51: ='IV Computed'!AR53 -> 412.22 | AR51: ='IV Computed'!AR53*'IV Computed'!AQ53 -> 2019.878 | AS51: ='IV Computed'!AT53 -> 418.81 | AT51: ='IV Computed'!AT53*'IV Computed'!AS53 -> 2052.169 | AU51: ='IV Computed'!AV53 -> 423.56 | AV51: ='IV Computed'!AV53*'IV Computed'!AU53 -> 2075.444 | AW51: ='IV Computed'!AX53 -> 427.63 | AX51: ='IV Computed'!AX53*'IV Computed'!AW53 -> 2095.387 | AY51: ='IV Computed'!AZ53 -> 431.93 | AZ51: ='IV Computed'!AZ53*'IV Computed'!AY53 -> 2116.457
E52: ='IV Computed'!F54 -> 27.16 | F52: ='IV Computed'!F54*'IV Computed'!E54 -> 135.8 | G52: ='IV Computed'!H54 -> 49.43 | H52: ='IV Computed'!H54*'IV Computed'!G54 -> 247.15 | I52: ='IV Computed'!J54 -> 68.29 | J52: ='IV Computed'!J54*'IV Computed'!I54 -> 341.45 | K52: ='IV Computed'!L54 -> 87.81 | L52: ='IV Computed'!L54*'IV Computed'!K54 -> 439.05 | M52: ='IV Computed'!N54 -> 107.52 | N52: ='IV Computed'!N54*'IV Computed'!M54 -> 537.6 | O52: ='IV Computed'!P54 -> 127.29 | P52: ='IV Computed'!P54*'IV Computed'!O54 -> 636.45 | Q52: ='IV Computed'!R54 -> 147.71 | R52: ='IV Computed'!R54*'IV Computed'!Q54 -> 738.55 | S52: ='IV Computed'!T54 -> 167.6 | T52: ='IV Computed'!T54*'IV Computed'!S54 -> 838 | U52: ='IV Computed'!V54 -> 188.53 | V52: ='IV Computed'!V54*'IV Computed'!U54 -> 942.65 | W52: ='IV Computed'!X54 -> 210.95 | X52: ='IV Computed'!X54*'IV Computed'!W54 -> 1054.75 | Y52: ='IV Computed'!Z54 -> 233.12 | Z52: ='IV Computed'!Z54*'IV Computed'!Y54 -> 1165.6 | AA52: ='IV Computed'!AB54 -> 255.24 | AB52: ='IV Computed'!AB54*'IV Computed'!AA54 -> 1276.2 | AC52: ='IV Computed'!AD54 -> 278.81 | AD52: ='IV Computed'!AD54*'IV Computed'!AC54 -> 1394.05 | AE52: ='IV Computed'!AF54 -> 301.21 | AF52: ='IV Computed'!AF54*'IV Computed'!AE54 -> 1506.05 | AG52: ='IV Computed'!AH54 -> 324.29 | AH52: ='IV Computed'!AH54*'IV Computed'!AG54 -> 1621.45 | AI52: ='IV Computed'!AJ54 -> 346.56 | AJ52: ='IV Computed'!AJ54*'IV Computed'!AI54 -> 1732.8 | AK52: ='IV Computed'!AL54 -> 368.7 | AL52: ='IV Computed'!AL54*'IV Computed'!AK54 -> 1843.5 | AM52: ='IV Computed'!AN54 -> 387.9 | AN52: ='IV Computed'!AN54*'IV Computed'!AM54 -> 1939.5 | AO52: ='IV Computed'!AP54 -> 402.55 | AP52: ='IV Computed'!AP54*'IV Computed'!AO54 -> 2012.75 | AQ52: ='IV Computed'!AR54 -> 411.38 | AR52: ='IV Computed'!AR54*'IV Computed'!AQ54 -> 2056.9 | AS52: ='IV Computed'!AT54 -> 417.96 | AT52: ='IV Computed'!AT54*'IV Computed'!AS54 -> 2089.8 | AU52: ='IV Computed'!AV54 -> 422.71 | AV52: ='IV Computed'!AV54*'IV Computed'!AU54 -> 2113.55 | AW52: ='IV Computed'!AX54 -> 426.77 | AX52: ='IV Computed'!AX54*'IV Computed'!AW54 -> 2133.85 | AY52: ='IV Computed'!AZ54 -> 431.06 | AZ52: ='IV Computed'!AZ54*'IV Computed'!AY54 -> 2155.3
E53: ='IV Computed'!F55 -> 26.03 | F53: ='IV Computed'!F55*'IV Computed'!E55 -> 132.753 | G53: ='IV Computed'!H55 -> 48.4 | H53: ='IV Computed'!H55*'IV Computed'!G55 -> 246.84 | I53: ='IV Computed'!J55 -> 67.3 | J53: ='IV Computed'!J55*'IV Computed'!I55 -> 343.23 | K53: ='IV Computed'!L55 -> 86.85 | L53: ='IV Computed'!L55*'IV Computed'!K55 -> 442.935 | M53: ='IV Computed'!N55 -> 106.6 | N53: ='IV Computed'!N55*'IV Computed'!M55 -> 543.66 | O53: ='IV Computed'!P55 -> 126.38 | P53: ='IV Computed'!P55*'IV Computed'!O55 -> 644.538 | Q53: ='IV Computed'!R55 -> 146.81 | R53: ='IV Computed'!R55*'IV Computed'!Q55 -> 748.731 | S53: ='IV Computed'!T55 -> 166.71 | T53: ='IV Computed'!T55*'IV Computed'!S55 -> 850.221 | U53: ='IV Computed'!V55 -> 187.66 | V53: ='IV Computed'!V55*'IV Computed'!U55 -> 957.066 | W53: ='IV Computed'!X55 -> 210.09 | X53: ='IV Computed'!X55*'IV Computed'!W55 -> 1071.459 | Y53: ='IV Computed'!Z55 -> 232.26 | Z53: ='IV Computed'!Z55*'IV Computed'!Y55 -> 1184.526 | AA53: ='IV Computed'!AB55 -> 254.39 | AB53: ='IV Computed'!AB55*'IV Computed'!AA55 -> 1297.389 | AC53: ='IV Computed'!AD55 -> 277.96 | AD53: ='IV Computed'!AD55*'IV Computed'!AC55 -> 1417.596 | AE53: ='IV Computed'!AF55 -> 300.36 | AF53: ='IV Computed'!AF55*'IV Computed'!AE55 -> 1531.836 | AG53: ='IV Computed'!AH55 -> 323.44 | AH53: ='IV Computed'!AH55*'IV Computed'!AG55 -> 1649.544 | AI53: ='IV Computed'!AJ55 -> 345.71 | AJ53: ='IV Computed'!AJ55*'IV Computed'!AI55 -> 1763.121 | AK53: ='IV Computed'!AL55 -> 367.85 | AL53: ='IV Computed'!AL55*'IV Computed'!AK55 -> 1876.035 | AM53: ='IV Computed'!AN55 -> 387.05 | AN53: ='IV Computed'!AN55*'IV Computed'!AM55 -> 1973.955 | AO53: ='IV Computed'!AP55 -> 401.71 | AP53: ='IV Computed'!AP55*'IV Computed'!AO55 -> 2048.721 | AQ53: ='IV Computed'!AR55 -> 410.53 | AR53: ='IV Computed'!AR55*'IV Computed'!AQ55 -> 2093.703 | AS53: ='IV Computed'!AT55 -> 417.11 | AT53: ='IV Computed'!AT55*'IV Computed'!AS55 -> 2127.261 | AU53: ='IV Computed'!AV55 -> 421.85 | AV53: ='IV Computed'!AV55*'IV Computed'!AU55 -> 2151.435 | AW53: ='IV Computed'!AX55 -> 425.91 | AX53: ='IV Computed'!AX55*'IV Computed'!AW55 -> 2172.141 | AY53: ='IV Computed'!AZ55 -> 430.19 | AZ53: ='IV Computed'!AZ55*'IV Computed'!AY55 -> 2193.969
E54: ='IV Computed'!F56 -> 24.9 | F54: ='IV Computed'!F56*'IV Computed'!E56 -> 129.48 | G54: ='IV Computed'!H56 -> 47.37 | H54: ='IV Computed'!H56*'IV Computed'!G56 -> 246.324 | I54: ='IV Computed'!J56 -> 66.31 | J54: ='IV Computed'!J56*'IV Computed'!I56 -> 344.812 | K54: ='IV Computed'!L56 -> 85.9 | L54: ='IV Computed'!L56*'IV Computed'!K56 -> 446.68 | M54: ='IV Computed'!N56 -> 105.67 | N54: ='IV Computed'!N56*'IV Computed'!M56 -> 549.484 | O54: ='IV Computed'!P56 -> 125.47 | P54: ='IV Computed'!P56*'IV Computed'!O56 -> 652.444 | Q54: ='IV Computed'!R56 -> 145.92 | R54: ='IV Computed'!R56*'IV Computed'!Q56 -> 758.784 | S54: ='IV Computed'!T56 -> 165.83 | T54: ='IV Computed'!T56*'IV Computed'!S56 -> 862.316 | U54: ='IV Computed'!V56 -> 186.78 | V54: ='IV Computed'!V56*'IV Computed'!U56 -> 971.256 | W54: ='IV Computed'!X56 -> 209.22 | X54: ='IV Computed'!X56*'IV Computed'!W56 -> 1087.944 | Y54: ='IV Computed'!Z56 -> 231.4 | Z54: ='IV Computed'!Z56*'IV Computed'!Y56 -> 1203.28 | AA54: ='IV Computed'!AB56 -> 253.53 | AB54: ='IV Computed'!AB56*'IV Computed'!AA56 -> 1318.356 | AC54: ='IV Computed'!AD56 -> 277.1 | AD54: ='IV Computed'!AD56*'IV Computed'!AC56 -> 1440.92 | AE54: ='IV Computed'!AF56 -> 299.51 | AF54: ='IV Computed'!AF56*'IV Computed'!AE56 -> 1557.452 | AG54: ='IV Computed'!AH56 -> 322.59 | AH54: ='IV Computed'!AH56*'IV Computed'!AG56 -> 1677.468 | AI54: ='IV Computed'!AJ56 -> 344.87 | AJ54: ='IV Computed'!AJ56*'IV Computed'!AI56 -> 1793.324 | AK54: ='IV Computed'!AL56 -> 367.01 | AL54: ='IV Computed'!AL56*'IV Computed'!AK56 -> 1908.452 | AM54: ='IV Computed'!AN56 -> 386.21 | AN54: ='IV Computed'!AN56*'IV Computed'!AM56 -> 2008.292 | AO54: ='IV Computed'!AP56 -> 400.87 | AP54: ='IV Computed'!AP56*'IV Computed'!AO56 -> 2084.524 | AQ54: ='IV Computed'!AR56 -> 409.68 | AR54: ='IV Computed'!AR56*'IV Computed'!AQ56 -> 2130.336 | AS54: ='IV Computed'!AT56 -> 416.26 | AT54: ='IV Computed'!AT56*'IV Computed'!AS56 -> 2164.552 | AU54: ='IV Computed'!AV56 -> 420.99 | AV54: ='IV Computed'!AV56*'IV Computed'!AU56 -> 2189.148 | AW54: ='IV Computed'!AX56 -> 425.05 | AX54: ='IV Computed'!AX56*'IV Computed'!AW56 -> 2210.26 | AY54: ='IV Computed'!AZ56 -> 429.32 | AZ54: ='IV Computed'!AZ56*'IV Computed'!AY56 -> 2232.464
E55: ='IV Computed'!F57 -> 23.76 | F55: ='IV Computed'!F57*'IV Computed'!E57 -> 125.928 | G55: ='IV Computed'!H57 -> 46.34 | H55: ='IV Computed'!H57*'IV Computed'!G57 -> 245.602 | I55: ='IV Computed'!J57 -> 65.32 | J55: ='IV Computed'!J57*'IV Computed'!I57 -> 346.196 | K55: ='IV Computed'!L57 -> 84.94 | L55: ='IV Computed'!L57*'IV Computed'!K57 -> 450.182 | M55: ='IV Computed'!N57 -> 104.74 | N55: ='IV Computed'!N57*'IV Computed'!M57 -> 555.122 | O55: ='IV Computed'!P57 -> 124.56 | P55: ='IV Computed'!P57*'IV Computed'!O57 -> 660.168 | Q55: ='IV Computed'!R57 -> 145.02 | R55: ='IV Computed'!R57*'IV Computed'!Q57 -> 768.606 | S55: ='IV Computed'!T57 -> 164.94 | T55: ='IV Computed'!T57*'IV Computed'!S57 -> 874.182 | U55: ='IV Computed'!V57 -> 185.9 | V55: ='IV Computed'!V57*'IV Computed'!U57 -> 985.27 | W55: ='IV Computed'!X57 -> 208.35 | X55: ='IV Computed'!X57*'IV Computed'!W57 -> 1104.255 | Y55: ='IV Computed'!Z57 -> 230.54 | Z55: ='IV Computed'!Z57*'IV Computed'!Y57 -> 1221.862 | AA55: ='IV Computed'!AB57 -> 252.67 | AB55: ='IV Computed'!AB57*'IV Computed'!AA57 -> 1339.151 | AC55: ='IV Computed'!AD57 -> 276.25 | AD55: ='IV Computed'!AD57*'IV Computed'!AC57 -> 1464.125 | AE55: ='IV Computed'!AF57 -> 298.66 | AF55: ='IV Computed'!AF57*'IV Computed'!AE57 -> 1582.898 | AG55: ='IV Computed'!AH57 -> 321.75 | AH55: ='IV Computed'!AH57*'IV Computed'!AG57 -> 1705.275 | AI55: ='IV Computed'!AJ57 -> 344.02 | AJ55: ='IV Computed'!AJ57*'IV Computed'!AI57 -> 1823.306 | AK55: ='IV Computed'!AL57 -> 366.16 | AL55: ='IV Computed'!AL57*'IV Computed'!AK57 -> 1940.648 | AM55: ='IV Computed'!AN57 -> 385.37 | AN55: ='IV Computed'!AN57*'IV Computed'!AM57 -> 2042.461 | AO55: ='IV Computed'!AP57 -> 400.02 | AP55: ='IV Computed'!AP57*'IV Computed'!AO57 -> 2120.106 | AQ55: ='IV Computed'!AR57 -> 408.84 | AR55: ='IV Computed'!AR57*'IV Computed'!AQ57 -> 2166.852 | AS55: ='IV Computed'!AT57 -> 415.4 | AT55: ='IV Computed'!AT57*'IV Computed'!AS57 -> 2201.62 | AU55: ='IV Computed'!AV57 -> 420.14 | AV55: ='IV Computed'!AV57*'IV Computed'!AU57 -> 2226.742 | AW55: ='IV Computed'!AX57 -> 424.19 | AX55: ='IV Computed'!AX57*'IV Computed'!AW57 -> 2248.207 | AY55: ='IV Computed'!AZ57 -> 428.45 | AZ55: ='IV Computed'!AZ57*'IV Computed'!AY57 -> 2270.785
E56: ='IV Computed'!F58 -> 22.63 | F56: ='IV Computed'!F58*'IV Computed'!E58 -> 122.202 | G56: ='IV Computed'!H58 -> 45.31 | H56: ='IV Computed'!H58*'IV Computed'!G58 -> 244.674 | I56: ='IV Computed'!J58 -> 64.33 | J56: ='IV Computed'!J58*'IV Computed'!I58 -> 347.382 | K56: ='IV Computed'!L58 -> 83.99 | L56: ='IV Computed'!L58*'IV Computed'!K58 -> 453.546 | M56: ='IV Computed'!N58 -> 103.82 | N56: ='IV Computed'!N58*'IV Computed'!M58 -> 560.628 | O56: ='IV Computed'!P58 -> 123.65 | P56: ='IV Computed'!P58*'IV Computed'!O58 -> 667.71 | Q56: ='IV Computed'!R58 -> 144.13 | R56: ='IV Computed'!R58*'IV Computed'!Q58 -> 778.302 | S56: ='IV Computed'!T58 -> 164.05 | T56: ='IV Computed'!T58*'IV Computed'!S58 -> 885.87 | U56: ='IV Computed'!V58 -> 185.03 | V56: ='IV Computed'!V58*'IV Computed'!U58 -> 999.162 | W56: ='IV Computed'!X58 -> 207.48 | X56: ='IV Computed'!X58*'IV Computed'!W58 -> 1120.392 | Y56: ='IV Computed'!Z58 -> 229.68 | Z56: ='IV Computed'!Z58*'IV Computed'!Y58 -> 1240.272 | AA56: ='IV Computed'!AB58 -> 251.82 | AB56: ='IV Computed'!AB58*'IV Computed'!AA58 -> 1359.828 | AC56: ='IV Computed'!AD58 -> 275.4 | AD56: ='IV Computed'!AD58*'IV Computed'!AC58 -> 1487.16 | AE56: ='IV Computed'!AF58 -> 297.81 | AF56: ='IV Computed'!AF58*'IV Computed'!AE58 -> 1608.174 | AG56: ='IV Computed'!AH58 -> 320.9 | AH56: ='IV Computed'!AH58*'IV Computed'!AG58 -> 1732.86 | AI56: ='IV Computed'!AJ58 -> 343.18 | AJ56: ='IV Computed'!AJ58*'IV Computed'!AI58 -> 1853.172 | AK56: ='IV Computed'!AL58 -> 365.32 | AL56: ='IV Computed'!AL58*'IV Computed'!AK58 -> 1972.728 | AM56: ='IV Computed'!AN58 -> 384.52 | AN56: ='IV Computed'!AN58*'IV Computed'!AM58 -> 2076.408 | AO56: ='IV Computed'!AP58 -> 399.18 | AP56: ='IV Computed'!AP58*'IV Computed'!AO58 -> 2155.572 | AQ56: ='IV Computed'!AR58 -> 407.99 | AR56: ='IV Computed'!AR58*'IV Computed'!AQ58 -> 2203.146 | AS56: ='IV Computed'!AT58 -> 414.55 | AT56: ='IV Computed'!AT58*'IV Computed'!AS58 -> 2238.57 | AU56: ='IV Computed'!AV58 -> 419.28 | AV56: ='IV Computed'!AV58*'IV Computed'!AU58 -> 2264.112 | AW56: ='IV Computed'!AX58 -> 423.32 | AX56: ='IV Computed'!AX58*'IV Computed'!AW58 -> 2285.928 | AY56: ='IV Computed'!AZ58 -> 427.58 | AZ56: ='IV Computed'!AZ58*'IV Computed'!AY58 -> 2308.932
E57: ='IV Computed'!F59 -> 21.5 | F57: ='IV Computed'!F59*'IV Computed'!E59 -> 118.25 | G57: ='IV Computed'!H59 -> 44.28 | H57: ='IV Computed'!H59*'IV Computed'!G59 -> 243.54 | I57: ='IV Computed'!J59 -> 63.34 | J57: ='IV Computed'!J59*'IV Computed'!I59 -> 348.37 | K57: ='IV Computed'!L59 -> 83.04 | L57: ='IV Computed'!L59*'IV Computed'!K59 -> 456.72 | M57: ='IV Computed'!N59 -> 102.89 | N57: ='IV Computed'!N59*'IV Computed'!M59 -> 565.895 | O57: ='IV Computed'!P59 -> 122.74 | P57: ='IV Computed'!P59*'IV Computed'!O59 -> 675.07 | Q57: ='IV Computed'!R59 -> 143.23 | R57: ='IV Computed'!R59*'IV Computed'!Q59 -> 787.765 | S57: ='IV Computed'!T59 -> 163.17 | T57: ='IV Computed'!T59*'IV Computed'!S59 -> 897.435 | U57: ='IV Computed'!V59 -> 184.15 | V57: ='IV Computed'!V59*'IV Computed'!U59 -> 1012.825 | W57: ='IV Computed'!X59 -> 206.61 | X57: ='IV Computed'!X59*'IV Computed'!W59 -> 1136.355 | Y57: ='IV Computed'!Z59 -> 228.82 | Z57: ='IV Computed'!Z59*'IV Computed'!Y59 -> 1258.51 | AA57: ='IV Computed'!AB59 -> 250.96 | AB57: ='IV Computed'!AB59*'IV Computed'!AA59 -> 1380.28 | AC57: ='IV Computed'!AD59 -> 274.55 | AD57: ='IV Computed'!AD59*'IV Computed'!AC59 -> 1510.025 | AE57: ='IV Computed'!AF59 -> 296.96 | AF57: ='IV Computed'!AF59*'IV Computed'!AE59 -> 1633.28 | AG57: ='IV Computed'!AH59 -> 320.05 | AH57: ='IV Computed'!AH59*'IV Computed'!AG59 -> 1760.275 | AI57: ='IV Computed'!AJ59 -> 342.33 | AJ57: ='IV Computed'!AJ59*'IV Computed'!AI59 -> 1882.815 | AK57: ='IV Computed'!AL59 -> 364.48 | AL57: ='IV Computed'!AL59*'IV Computed'!AK59 -> 2004.64 | AM57: ='IV Computed'!AN59 -> 383.68 | AN57: ='IV Computed'!AN59*'IV Computed'!AM59 -> 2110.24 | AO57: ='IV Computed'!AP59 -> 398.33 | AP57: ='IV Computed'!AP59*'IV Computed'!AO59 -> 2190.815 | AQ57: ='IV Computed'!AR59 -> 407.14 | AR57: ='IV Computed'!AR59*'IV Computed'!AQ59 -> 2239.27 | AS57: ='IV Computed'!AT59 -> 413.7 | AT57: ='IV Computed'!AT59*'IV Computed'!AS59 -> 2275.35 | AU57: ='IV Computed'!AV59 -> 418.43 | AV57: ='IV Computed'!AV59*'IV Computed'!AU59 -> 2301.365 | AW57: ='IV Computed'!AX59 -> 422.46 | AX57: ='IV Computed'!AX59*'IV Computed'!AW59 -> 2323.53 | AY57: ='IV Computed'!AZ59 -> 426.71 | AZ57: ='IV Computed'!AZ59*'IV Computed'!AY59 -> 2346.905
E58: ='IV Computed'!F60 -> 20.37 | F58: ='IV Computed'!F60*'IV Computed'!E60 -> 114.072 | G58: ='IV Computed'!H60 -> 43.25 | H58: ='IV Computed'!H60*'IV Computed'!G60 -> 242.2 | I58: ='IV Computed'!J60 -> 62.35 | J58: ='IV Computed'!J60*'IV Computed'!I60 -> 349.16 | K58: ='IV Computed'!L60 -> 82.08 | L58: ='IV Computed'!L60*'IV Computed'!K60 -> 459.648 | M58: ='IV Computed'!N60 -> 101.96 | N58: ='IV Computed'!N60*'IV Computed'!M60 -> 570.976 | O58: ='IV Computed'!P60 -> 121.83 | P58: ='IV Computed'!P60*'IV Computed'!O60 -> 682.248 | Q58: ='IV Computed'!R60 -> 142.34 | R58: ='IV Computed'!R60*'IV Computed'!Q60 -> 797.104 | S58: ='IV Computed'!T60 -> 162.28 | T58: ='IV Computed'!T60*'IV Computed'!S60 -> 908.768 | U58: ='IV Computed'!V60 -> 183.27 | V58: ='IV Computed'!V60*'IV Computed'!U60 -> 1026.312 | W58: ='IV Computed'!X60 -> 205.75 | X58: ='IV Computed'!X60*'IV Computed'!W60 -> 1152.2 | Y58: ='IV Computed'!Z60 -> 227.96 | Z58: ='IV Computed'!Z60*'IV Computed'!Y60 -> 1276.576 | AA58: ='IV Computed'!AB60 -> 250.1 | AB58: ='IV Computed'!AB60*'IV Computed'!AA60 -> 1400.56 | AC58: ='IV Computed'!AD60 -> 273.69 | AD58: ='IV Computed'!AD60*'IV Computed'!AC60 -> 1532.664 | AE58: ='IV Computed'!AF60 -> 296.12 | AF58: ='IV Computed'!AF60*'IV Computed'!AE60 -> 1658.272 | AG58: ='IV Computed'!AH60 -> 319.2 | AH58: ='IV Computed'!AH60*'IV Computed'!AG60 -> 1787.52 | AI58: ='IV Computed'!AJ60 -> 341.49 | AJ58: ='IV Computed'!AJ60*'IV Computed'!AI60 -> 1912.344 | AK58: ='IV Computed'!AL60 -> 363.63 | AL58: ='IV Computed'!AL60*'IV Computed'!AK60 -> 2036.328 | AM58: ='IV Computed'!AN60 -> 382.84 | AN58: ='IV Computed'!AN60*'IV Computed'!AM60 -> 2143.904 | AO58: ='IV Computed'!AP60 -> 397.49 | AP58: ='IV Computed'!AP60*'IV Computed'!AO60 -> 2225.944 | AQ58: ='IV Computed'!AR60 -> 406.3 | AR58: ='IV Computed'!AR60*'IV Computed'!AQ60 -> 2275.28 | AS58: ='IV Computed'!AT60 -> 412.85 | AT58: ='IV Computed'!AT60*'IV Computed'!AS60 -> 2311.96 | AU58: ='IV Computed'!AV60 -> 417.57 | AV58: ='IV Computed'!AV60*'IV Computed'!AU60 -> 2338.392 | AW58: ='IV Computed'!AX60 -> 421.6 | AX58: ='IV Computed'!AX60*'IV Computed'!AW60 -> 2360.96 | AY58: ='IV Computed'!AZ60 -> 425.84 | AZ58: ='IV Computed'!AZ60*'IV Computed'!AY60 -> 2384.704
E59: ='IV Computed'!F61 -> 19.24 | F59: ='IV Computed'!F61*'IV Computed'!E61 -> 109.668 | G59: ='IV Computed'!H61 -> 42.22 | H59: ='IV Computed'!H61*'IV Computed'!G61 -> 240.654 | I59: ='IV Computed'!J61 -> 61.36 | J59: ='IV Computed'!J61*'IV Computed'!I61 -> 349.752 | K59: ='IV Computed'!L61 -> 81.13 | L59: ='IV Computed'!L61*'IV Computed'!K61 -> 462.441 | M59: ='IV Computed'!N61 -> 101.04 | N59: ='IV Computed'!N61*'IV Computed'!M61 -> 575.928 | O59: ='IV Computed'!P61 -> 120.92 | P59: ='IV Computed'!P61*'IV Computed'!O61 -> 689.244 | Q59: ='IV Computed'!R61 -> 141.44 | R59: ='IV Computed'!R61*'IV Computed'!Q61 -> 806.208 | S59: ='IV Computed'!T61 -> 161.39 | T59: ='IV Computed'!T61*'IV Computed'!S61 -> 919.923 | U59: ='IV Computed'!V61 -> 182.4 | V59: ='IV Computed'!V61*'IV Computed'!U61 -> 1039.68 | W59: ='IV Computed'!X61 -> 204.88 | X59: ='IV Computed'!X61*'IV Computed'!W61 -> 1167.816 | Y59: ='IV Computed'!Z61 -> 227.1 | Z59: ='IV Computed'!Z61*'IV Computed'!Y61 -> 1294.47 | AA59: ='IV Computed'!AB61 -> 249.25 | AB59: ='IV Computed'!AB61*'IV Computed'!AA61 -> 1420.725 | AC59: ='IV Computed'!AD61 -> 272.84 | AD59: ='IV Computed'!AD61*'IV Computed'!AC61 -> 1555.188 | AE59: ='IV Computed'!AF61 -> 295.27 | AF59: ='IV Computed'!AF61*'IV Computed'!AE61 -> 1683.039 | AG59: ='IV Computed'!AH61 -> 318.36 | AH59: ='IV Computed'!AH61*'IV Computed'!AG61 -> 1814.652 | AI59: ='IV Computed'!AJ61 -> 340.64 | AJ59: ='IV Computed'!AJ61*'IV Computed'!AI61 -> 1941.648 | AK59: ='IV Computed'!AL61 -> 362.79 | AL59: ='IV Computed'!AL61*'IV Computed'!AK61 -> 2067.903 | AM59: ='IV Computed'!AN61 -> 381.99 | AN59: ='IV Computed'!AN61*'IV Computed'!AM61 -> 2177.343 | AO59: ='IV Computed'!AP61 -> 396.65 | AP59: ='IV Computed'!AP61*'IV Computed'!AO61 -> 2260.905 | AQ59: ='IV Computed'!AR61 -> 405.45 | AR59: ='IV Computed'!AR61*'IV Computed'!AQ61 -> 2311.065 | AS59: ='IV Computed'!AT61 -> 412 | AT59: ='IV Computed'!AT61*'IV Computed'!AS61 -> 2348.4 | AU59: ='IV Computed'!AV61 -> 416.72 | AV59: ='IV Computed'!AV61*'IV Computed'!AU61 -> 2375.304 | AW59: ='IV Computed'!AX61 -> 420.74 | AX59: ='IV Computed'!AX61*'IV Computed'!AW61 -> 2398.218 | AY59: ='IV Computed'!AZ61 -> 424.97 | AZ59: ='IV Computed'!AZ61*'IV Computed'!AY61 -> 2422.329
E60: ='IV Computed'!F62 -> 18.11 | F60: ='IV Computed'!F62*'IV Computed'!E62 -> 105.038 | G60: ='IV Computed'!H62 -> 41.19 | H60: ='IV Computed'!H62*'IV Computed'!G62 -> 238.902 | I60: ='IV Computed'!J62 -> 60.37 | J60: ='IV Computed'!J62*'IV Computed'!I62 -> 350.146 | K60: ='IV Computed'!L62 -> 80.17 | L60: ='IV Computed'!L62*'IV Computed'!K62 -> 464.986 | M60: ='IV Computed'!N62 -> 100.11 | N60: ='IV Computed'!N62*'IV Computed'!M62 -> 580.638 | O60: ='IV Computed'!P62 -> 120.02 | P60: ='IV Computed'!P62*'IV Computed'!O62 -> 696.116 | Q60: ='IV Computed'!R62 -> 140.55 | R60: ='IV Computed'!R62*'IV Computed'!Q62 -> 815.19 | S60: ='IV Computed'!T62 -> 160.51 | T60: ='IV Computed'!T62*'IV Computed'!S62 -> 930.958 | U60: ='IV Computed'!V62 -> 181.52 | V60: ='IV Computed'!V62*'IV Computed'!U62 -> 1052.816 | W60: ='IV Computed'!X62 -> 204.01 | X60: ='IV Computed'!X62*'IV Computed'!W62 -> 1183.258 | Y60: ='IV Computed'!Z62 -> 226.24 | Z60: ='IV Computed'!Z62*'IV Computed'!Y62 -> 1312.192 | AA60: ='IV Computed'!AB62 -> 248.39 | AB60: ='IV Computed'!AB62*'IV Computed'!AA62 -> 1440.662 | AC60: ='IV Computed'!AD62 -> 271.99 | AD60: ='IV Computed'!AD62*'IV Computed'!AC62 -> 1577.542 | AE60: ='IV Computed'!AF62 -> 294.42 | AF60: ='IV Computed'!AF62*'IV Computed'!AE62 -> 1707.636 | AG60: ='IV Computed'!AH62 -> 317.51 | AH60: ='IV Computed'!AH62*'IV Computed'!AG62 -> 1841.558 | AI60: ='IV Computed'!AJ62 -> 339.79 | AJ60: ='IV Computed'!AJ62*'IV Computed'!AI62 -> 1970.782 | AK60: ='IV Computed'!AL62 -> 361.95 | AL60: ='IV Computed'!AL62*'IV Computed'!AK62 -> 2099.31 | AM60: ='IV Computed'!AN62 -> 381.15 | AN60: ='IV Computed'!AN62*'IV Computed'!AM62 -> 2210.67 | AO60: ='IV Computed'!AP62 -> 395.8 | AP60: ='IV Computed'!AP62*'IV Computed'!AO62 -> 2295.64 | AQ60: ='IV Computed'!AR62 -> 404.61 | AR60: ='IV Computed'!AR62*'IV Computed'!AQ62 -> 2346.738 | AS60: ='IV Computed'!AT62 -> 411.15 | AT60: ='IV Computed'!AT62*'IV Computed'!AS62 -> 2384.67 | AU60: ='IV Computed'!AV62 -> 415.86 | AV60: ='IV Computed'!AV62*'IV Computed'!AU62 -> 2411.988 | AW60: ='IV Computed'!AX62 -> 419.87 | AX60: ='IV Computed'!AX62*'IV Computed'!AW62 -> 2435.246 | AY60: ='IV Computed'!AZ62 -> 424.1 | AZ60: ='IV Computed'!AZ62*'IV Computed'!AY62 -> 2459.78
E61: ='IV Computed'!F63 -> 16.97 | F61: ='IV Computed'!F63*'IV Computed'!E63 -> 100.123 | G61: ='IV Computed'!H63 -> 40.16 | H61: ='IV Computed'!H63*'IV Computed'!G63 -> 236.944 | I61: ='IV Computed'!J63 -> 59.38 | J61: ='IV Computed'!J63*'IV Computed'!I63 -> 350.342 | K61: ='IV Computed'!L63 -> 79.22 | L61: ='IV Computed'!L63*'IV Computed'!K63 -> 467.398 | M61: ='IV Computed'!N63 -> 99.18 | N61: ='IV Computed'!N63*'IV Computed'!M63 -> 585.162 | O61: ='IV Computed'!P63 -> 119.11 | P61: ='IV Computed'!P63*'IV Computed'!O63 -> 702.749 | Q61: ='IV Computed'!R63 -> 139.65 | R61: ='IV Computed'!R63*'IV Computed'!Q63 -> 823.935 | S61: ='IV Computed'!T63 -> 159.62 | T61: ='IV Computed'!T63*'IV Computed'!S63 -> 941.758 | U61: ='IV Computed'!V63 -> 180.64 | V61: ='IV Computed'!V63*'IV Computed'!U63 -> 1065.776 | W61: ='IV Computed'!X63 -> 203.14 | X61: ='IV Computed'!X63*'IV Computed'!W63 -> 1198.526 | Y61: ='IV Computed'!Z63 -> 225.38 | Z61: ='IV Computed'!Z63*'IV Computed'!Y63 -> 1329.742 | AA61: ='IV Computed'!AB63 -> 247.54 | AB61: ='IV Computed'!AB63*'IV Computed'!AA63 -> 1460.486 | AC61: ='IV Computed'!AD63 -> 271.14 | AD61: ='IV Computed'!AD63*'IV Computed'!AC63 -> 1599.726 | AE61: ='IV Computed'!AF63 -> 293.57 | AF61: ='IV Computed'!AF63*'IV Computed'!AE63 -> 1732.063 | AG61: ='IV Computed'!AH63 -> 316.66 | AH61: ='IV Computed'!AH63*'IV Computed'!AG63 -> 1868.294 | AI61: ='IV Computed'!AJ63 -> 338.95 | AJ61: ='IV Computed'!AJ63*'IV Computed'!AI63 -> 1999.805 | AK61: ='IV Computed'!AL63 -> 361.1 | AL61: ='IV Computed'!AL63*'IV Computed'!AK63 -> 2130.49 | AM61: ='IV Computed'!AN63 -> 380.31 | AN61: ='IV Computed'!AN63*'IV Computed'!AM63 -> 2243.829 | AO61: ='IV Computed'!AP63 -> 394.96 | AP61: ='IV Computed'!AP63*'IV Computed'!AO63 -> 2330.264 | AQ61: ='IV Computed'!AR63 -> 403.76 | AR61: ='IV Computed'!AR63*'IV Computed'!AQ63 -> 2382.184 | AS61: ='IV Computed'!AT63 -> 410.3 | AT61: ='IV Computed'!AT63*'IV Computed'!AS63 -> 2420.77 | AU61: ='IV Computed'!AV63 -> 415 | AV61: ='IV Computed'!AV63*'IV Computed'!AU63 -> 2448.5 | AW61: ='IV Computed'!AX63 -> 419.01 | AX61: ='IV Computed'!AX63*'IV Computed'!AW63 -> 2472.159 | AY61: ='IV Computed'!AZ63 -> 423.24 | AZ61: ='IV Computed'!AZ63*'IV Computed'!AY63 -> 2497.116
E62: ='IV Computed'!F64 -> 15.84 | F62: ='IV Computed'!F64*'IV Computed'!E64 -> 95.04 | G62: ='IV Computed'!H64 -> 39.13 | H62: ='IV Computed'!H64*'IV Computed'!G64 -> 234.78 | I62: ='IV Computed'!J64 -> 58.4 | J62: ='IV Computed'!J64*'IV Computed'!I64 -> 350.4 | K62: ='IV Computed'!L64 -> 78.26 | L62: ='IV Computed'!L64*'IV Computed'!K64 -> 469.56 | M62: ='IV Computed'!N64 -> 98.25 | N62: ='IV Computed'!N64*'IV Computed'!M64 -> 589.5 | O62: ='IV Computed'!P64 -> 118.2 | P62: ='IV Computed'!P64*'IV Computed'!O64 -> 709.2 | Q62: ='IV Computed'!R64 -> 138.76 | R62: ='IV Computed'!R64*'IV Computed'!Q64 -> 832.56 | S62: ='IV Computed'!T64 -> 158.73 | T62: ='IV Computed'!T64*'IV Computed'!S64 -> 952.38 | U62: ='IV Computed'!V64 -> 179.77 | V62: ='IV Computed'!V64*'IV Computed'!U64 -> 1078.62 | W62: ='IV Computed'!X64 -> 202.27 | X62: ='IV Computed'!X64*'IV Computed'!W64 -> 1213.62 | Y62: ='IV Computed'!Z64 -> 224.52 | Z62: ='IV Computed'!Z64*'IV Computed'!Y64 -> 1347.12 | AA62: ='IV Computed'!AB64 -> 246.68 | AB62: ='IV Computed'!AB64*'IV Computed'!AA64 -> 1480.08 | AC62: ='IV Computed'!AD64 -> 270.28 | AD62: ='IV Computed'!AD64*'IV Computed'!AC64 -> 1621.68 | AE62: ='IV Computed'!AF64 -> 292.72 | AF62: ='IV Computed'!AF64*'IV Computed'!AE64 -> 1756.32 | AG62: ='IV Computed'!AH64 -> 315.82 | AH62: ='IV Computed'!AH64*'IV Computed'!AG64 -> 1894.92 | AI62: ='IV Computed'!AJ64 -> 338.1 | AJ62: ='IV Computed'!AJ64*'IV Computed'!AI64 -> 2028.6 | AK62: ='IV Computed'!AL64 -> 360.26 | AL62: ='IV Computed'!AL64*'IV Computed'!AK64 -> 2161.56 | AM62: ='IV Computed'!AN64 -> 379.46 | AN62: ='IV Computed'!AN64*'IV Computed'!AM64 -> 2276.76 | AO62: ='IV Computed'!AP64 -> 394.11 | AP62: ='IV Computed'!AP64*'IV Computed'!AO64 -> 2364.66 | AQ62: ='IV Computed'!AR64 -> 402.91 | AR62: ='IV Computed'!AR64*'IV Computed'!AQ64 -> 2417.46 | AS62: ='IV Computed'!AT64 -> 409.45 | AT62: ='IV Computed'!AT64*'IV Computed'!AS64 -> 2456.7 | AU62: ='IV Computed'!AV64 -> 414.15 | AV62: ='IV Computed'!AV64*'IV Computed'!AU64 -> 2484.9 | AW62: ='IV Computed'!AX64 -> 418.15 | AX62: ='IV Computed'!AX64*'IV Computed'!AW64 -> 2508.9 | AY62: ='IV Computed'!AZ64 -> 422.37 | AZ62: ='IV Computed'!AZ64*'IV Computed'!AY64 -> 2534.22
E63: ='IV Computed'!F65 -> 14.71 | F63: ='IV Computed'!F65*'IV Computed'!E65 -> 89.731 | G63: ='IV Computed'!H65 -> 38.1 | H63: ='IV Computed'!H65*'IV Computed'!G65 -> 232.41 | I63: ='IV Computed'!J65 -> 57.41 | J63: ='IV Computed'!J65*'IV Computed'!I65 -> 350.201 | K63: ='IV Computed'!L65 -> 77.31 | L63: ='IV Computed'!L65*'IV Computed'!K65 -> 471.591 | M63: ='IV Computed'!N65 -> 97.33 | N63: ='IV Computed'!N65*'IV Computed'!M65 -> 593.713 | O63: ='IV Computed'!P65 -> 117.29 | P63: ='IV Computed'!P65*'IV Computed'!O65 -> 715.469 | Q63: ='IV Computed'!R65 -> 137.86 | R63: ='IV Computed'!R65*'IV Computed'!Q65 -> 840.946 | S63: ='IV Computed'!T65 -> 157.85 | T63: ='IV Computed'!T65*'IV Computed'!S65 -> 962.885 | U63: ='IV Computed'!V65 -> 178.89 | V63: ='IV Computed'!V65*'IV Computed'!U65 -> 1091.229 | W63: ='IV Computed'!X65 -> 201.4 | X63: ='IV Computed'!X65*'IV Computed'!W65 -> 1228.54 | Y63: ='IV Computed'!Z65 -> 223.66 | Z63: ='IV Computed'!Z65*'IV Computed'!Y65 -> 1364.326 | AA63: ='IV Computed'!AB65 -> 245.82 | AB63: ='IV Computed'!AB65*'IV Computed'!AA65 -> 1499.502 | AC63: ='IV Computed'!AD65 -> 269.43 | AD63: ='IV Computed'!AD65*'IV Computed'!AC65 -> 1643.523 | AE63: ='IV Computed'!AF65 -> 291.87 | AF63: ='IV Computed'!AF65*'IV Computed'!AE65 -> 1780.407 | AG63: ='IV Computed'!AH65 -> 314.97 | AH63: ='IV Computed'!AH65*'IV Computed'!AG65 -> 1921.317 | AI63: ='IV Computed'!AJ65 -> 337.26 | AJ63: ='IV Computed'!AJ65*'IV Computed'!AI65 -> 2057.286 | AK63: ='IV Computed'!AL65 -> 359.41 | AL63: ='IV Computed'!AL65*'IV Computed'!AK65 -> 2192.401 | AM63: ='IV Computed'!AN65 -> 378.62 | AN63: ='IV Computed'!AN65*'IV Computed'!AM65 -> 2309.582 | AO63: ='IV Computed'!AP65 -> 393.27 | AP63: ='IV Computed'!AP65*'IV Computed'!AO65 -> 2398.947 | AQ63: ='IV Computed'!AR65 -> 402.07 | AR63: ='IV Computed'!AR65*'IV Computed'!AQ65 -> 2452.627 | AS63: ='IV Computed'!AT65 -> 408.59 | AT63: ='IV Computed'!AT65*'IV Computed'!AS65 -> 2492.399 | AU63: ='IV Computed'!AV65 -> 413.29 | AV63: ='IV Computed'!AV65*'IV Computed'!AU65 -> 2521.069 | AW63: ='IV Computed'!AX65 -> 417.29 | AX63: ='IV Computed'!AX65*'IV Computed'!AW65 -> 2545.469 | AY63: ='IV Computed'!AZ65 -> 421.5 | AZ63: ='IV Computed'!AZ65*'IV Computed'!AY65 -> 2571.15
... E75: ='IV Computed'!F77 -> 1.13 | F75: ='IV Computed'!F77*'IV Computed'!E77 -> 8.249 | G75: ='IV Computed'!H77 -> 25.74 | H75: ='IV Computed'!H77*'IV Computed'!G77 -> 187.902 | I75: ='IV Computed'!J77 -> 45.53 | J75: ='IV Computed'!J77*'IV Computed'!I77 -> 332.369 | K75: ='IV Computed'!L77 -> 65.86 | L75: ='IV Computed'!L77*'IV Computed'!K77 -> 480.778 | M75: ='IV Computed'!N77 -> 86.2 | N75: ='IV Computed'!N77*'IV Computed'!M77 -> 629.26 | O75: ='IV Computed'!P77 -> 106.38 | P75: ='IV Computed'!P77*'IV Computed'!O77 -> 776.574 | Q75: ='IV Computed'!R77 -> 127.12 | R75: ='IV Computed'!R77*'IV Computed'!Q77 -> 927.976 | S75: ='IV Computed'!T77 -> 147.21 | T75: ='IV Computed'!T77*'IV Computed'!S77 -> 1074.633 | U75: ='IV Computed'!V77 -> 168.37 | V75: ='IV Computed'!V77*'IV Computed'!U77 -> 1229.101 | W75: ='IV Computed'!X77 -> 190.99 | X75: ='IV Computed'!X77*'IV Computed'!W77 -> 1394.227 | Y75: ='IV Computed'!Z77 -> 213.33 | Z75: ='IV Computed'!Z77*'IV Computed'!Y77 -> 1557.309 | AA75: ='IV Computed'!AB77 -> 235.54 | AB75: ='IV Computed'!AB77*'IV Computed'!AA77 -> 1719.442 | AC75: ='IV Computed'!AD77 -> 259.2 | AD75: ='IV Computed'!AD77*'IV Computed'!AC77 -> 1892.16 | AE75: ='IV Computed'!AF77 -> 281.69 | AF75: ='IV Computed'!AF77*'IV Computed'!AE77 -> 2056.337 | AG75: ='IV Computed'!AH77 -> 304.81 | AH75: ='IV Computed'!AH77*'IV Computed'!AG77 -> 2225.113 | AI75: ='IV Computed'!AJ77 -> 327.12 | AJ75: ='IV Computed'!AJ77*'IV Computed'!AI77 -> 2387.976 | AK75: ='IV Computed'!AL77 -> 349.29 | AL75: ='IV Computed'!AL77*'IV Computed'!AK77 -> 2549.817 | AM75: ='IV Computed'!AN77 -> 368.5 | AN75: ='IV Computed'!AN77*'IV Computed'!AM77 -> 2690.05 | AO75: ='IV Computed'!AP77 -> 383.14 | AP75: ='IV Computed'!AP77*'IV Computed'!AO77 -> 2796.922 | AQ75: ='IV Computed'!AR77 -> 391.91 | AR75: ='IV Computed'!AR77*'IV Computed'!AQ77 -> 2860.943 | AS75: ='IV Computed'!AT77 -> 398.38 | AT75: ='IV Computed'!AT77*'IV Computed'!AS77 -> 2908.174 | AU75: ='IV Computed'!AV77 -> 403.03 | AV75: ='IV Computed'!AV77*'IV Computed'!AU77 -> 2942.119 | AW75: ='IV Computed'!AX77 -> 406.94 | AX75: ='IV Computed'!AX77*'IV Computed'!AW77 -> 2970.662 | AY75: ='IV Computed'!AZ77 -> 411.07 | AZ75: ='IV Computed'!AZ77*'IV Computed'!AY77 -> 3000.811
E76: 0 | F76: 0 | G76: ='IV Computed'!H78 -> 24.71 | H76: ='IV Computed'!H78*'IV Computed'!G78 -> 182.854 | I76: ='IV Computed'!J78 -> 44.54 | J76: ='IV Computed'!J78*'IV Computed'!I78 -> 329.596 | K76: ='IV Computed'!L78 -> 64.9 | L76: ='IV Computed'!L78*'IV Computed'!K78 -> 480.26 | M76: ='IV Computed'!N78 -> 85.28 | N76: ='IV Computed'!N78*'IV Computed'!M78 -> 631.072 | O76: ='IV Computed'!P78 -> 105.47 | P76: ='IV Computed'!P78*'IV Computed'!O78 -> 780.478 | Q76: ='IV Computed'!R78 -> 127.12 | R76: ='IV Computed'!R78*'IV Computed'!Q78 -> 940.688 | S76: ='IV Computed'!T78 -> 146.32 | T76: ='IV Computed'!T78*'IV Computed'!S78 -> 1082.768 | U76: ='IV Computed'!V78 -> 167.49 | V76: ='IV Computed'!V78*'IV Computed'!U78 -> 1239.426 | W76: ='IV Computed'!X78 -> 190.12 | X76: ='IV Computed'!X78*'IV Computed'!W78 -> 1406.888 | Y76: ='IV Computed'!Z78 -> 212.47 | Z76: ='IV Computed'!Z78*'IV Computed'!Y78 -> 1572.278 | AA76: ='IV Computed'!AB78 -> 234.69 | AB76: ='IV Computed'!AB78*'IV Computed'!AA78 -> 1736.706 | AC76: ='IV Computed'!AD78 -> 258.35 | AD76: ='IV Computed'!AD78*'IV Computed'!AC78 -> 1911.79 | AE76: ='IV Computed'!AF78 -> 280.84 | AF76: ='IV Computed'!AF78*'IV Computed'!AE78 -> 2078.216 | AG76: ='IV Computed'!AH78 -> 303.96 | AH76: ='IV Computed'!AH78*'IV Computed'!AG78 -> 2249.304 | AI76: ='IV Computed'!AJ78 -> 326.27 | AJ76: ='IV Computed'!AJ78*'IV Computed'!AI78 -> 2414.398 | AK76: ='IV Computed'!AL78 -> 348.45 | AL76: ='IV Computed'!AL78*'IV Computed'!AK78 -> 2578.53 | AM76: ='IV Computed'!AN78 -> 367.66 | AN76: ='IV Computed'!AN78*'IV Computed'!AM78 -> 2720.684 | AO76: ='IV Computed'!AP78 -> 382.3 | AP76: ='IV Computed'!AP78*'IV Computed'!AO78 -> 2829.02 | AQ76: ='IV Computed'!AR78 -> 391.06 | AR76: ='IV Computed'!AR78*'IV Computed'!AQ78 -> 2893.844 | AS76: ='IV Computed'!AT78 -> 397.53 | AT76: ='IV Computed'!AT78*'IV Computed'!AS78 -> 2941.722 | AU76: ='IV Computed'!AV78 -> 402.17 | AV76: ='IV Computed'!AV78*'IV Computed'!AU78 -> 2976.058 | AW76: ='IV Computed'!AX78 -> 406.08 | AX76: ='IV Computed'!AX78*'IV Computed'!AW78 -> 3004.992 | AY76: ='IV Computed'!AZ78 -> 410.2 | AZ76: ='IV Computed'!AZ78*'IV Computed'!AY78 -> 3035.48
